,Security,SEC Filings,GICS Sector,GICS Sub Industry,Location,Date Added,CIK,Founded,const,Index,Oil,Gold,NaturalGas,Group
MMM,3M,reports,Industrials,Industrial Conglomerates,"Saint Paul, Minnesota",1976-08-09,66740,1902,-0.2729314634933363,-0.32400257533591836,0.007756672699786574,0.009106093231682539,0.03125780835837168,1
AOS,A. O. Smith,reports,Industrials,Building Products,"Milwaukee, Wisconsin",2017-07-26,91142,1916,-0.2729314634933363,0.7200261813201027,0.007756672699786574,0.009106093231682539,0.03125780835837168,3
ABT,Abbott,reports,Health Care,Health Care Equipment,"North Chicago, Illinois",1964-03-31,1800,1888,-0.2729314634933363,-0.9900504633555087,-0.42776563370667126,0.009106093231682539,0.03125780835837168,1
ABMD,Abiomed,reports,Health Care,Health Care Equipment,"Danvers, Massachusetts",2018-05-31,815094,1981,-0.2729314634933363,0.7995185261644847,0.007756672699786574,0.009106093231682539,0.03125780835837168,3
ACN,Accenture,reports,Information Technology,IT Consulting & Other Services,"Dublin, Ireland",2011-07-06,1467373,1989,-0.2729314634933363,-0.20141033500160072,0.007756672699786574,0.009106093231682539,0.03125780835837168,1
ATVI,Activision Blizzard,reports,Communication Services,Interactive Home Entertainment,"Santa Monica, California",2015-08-31,718877,2008,-0.2729314634933363,-0.545661985933131,-0.5634220003668321,0.009106093231682539,-3.074011609148201,6
ADM,ADM,reports,Consumer Staples,Agricultural Products,"Chicago, Illinois",1981-07-29,7084,1902,-0.2729314634933363,-0.23815977194664237,0.7133123066281145,0.009106093231682539,0.03125780835837168,1
ADBE,Adobe Inc.,reports,Information Technology,Application Software,"San Jose, California",1997-05-05,796343,1982,-0.2729314634933363,0.4166747019838563,0.007756672699786574,0.009106093231682539,0.03125780835837168,3
ADP,ADP,reports,Information Technology,Data Processing & Outsourced Services,"Roseland, New Jersey",1981-03-31,8670,1949,-0.2729314634933363,-0.4519117997305141,-0.4059366933513517,0.009106093231682539,-1.511518290606728,1
AAP,Advance Auto Parts,reports,Consumer Discretionary,Automotive Retail,"Raleigh, North Carolina",2015-07-09,1158449,1932,-0.2729314634933363,-0.8794866110384795,-0.7394796236364911,0.009106093231682539,0.03125780835837168,1
AES,AES Corporation,reports,Utilities,Independent Power Producers & Energy Traders,"Arlington, Virginia",1998-10-02,874761,1981,-0.2729314634933363,0.25705884861356326,1.011354375751814,0.009106093231682539,0.03125780835837168,3
AFL,Aflac,reports,Financials,Life & Health Insurance,"Columbus, Georgia",1999-05-28,4977,1955,-0.2729314634933363,0.9373015859477215,0.007756672699786574,0.009106093231682539,0.03125780835837168,3
A,Agilent Technologies,reports,Health Care,Health Care Equipment,"Santa Clara, California",2000-06-05,1090872,1999,-0.2729314634933363,1.3620905284820088,0.007756672699786574,0.009106093231682539,0.03125780835837168,3
APD,Air Products and Chemicals,reports,Materials,Industrial Gases,"Allentown, Pennsylvania",1985-04-30,2969,1940,-0.2729314634933363,-0.18449564809926297,0.007756672699786574,0.009106093231682539,0.03125780835837168,1
AKAM,Akamai,reports,Information Technology,Internet Services & Infrastructure,"Cambridge, Massachusetts",2007-07-12,1086222,1998,-0.2729314634933363,1.0187651074412518,0.007756672699786574,0.009106093231682539,0.03125780835837168,3
ALK,Alaska Air Group,reports,Industrials,Airlines,"SeaTac, Washington",2016-05-13,766421,1985,3.5577801894977434,1.1469817626611416,-2.444065800705867,0.009106093231682539,0.03125780835837168,2
ALB,Albemarle Corporation,reports,Materials,Specialty Chemicals,"Charlotte, North Carolina",2016-07-01,915913,1994,-0.2729314634933363,0.881661381161301,1.2844939514795566,1.8353093277505115,0.03125780835837168,0
ARE,Alexandria Real Estate Equities,reports,Real Estate,Office REITs,"Pasadena, California",2017-03-20,1035443,1994,-0.2729314634933363,-0.17962679738847132,0.007756672699786574,0.009106093231682539,2.2973626325686873,5
ALGN,Align Technology,reports,Health Care,Health Care Supplies,"Tempe, Arizona",2017-06-19,1097149,1997,-0.2729314634933363,1.0555061332733076,-0.6471006226310801,0.009106093231682539,0.03125780835837168,3
LNT,Alliant Energy,reports,Utilities,Electric Utilities,"Madison, Wisconsin",2016-07-01,352541,1917,-0.2729314634933363,-1.2646083005035518,-0.35546983947895616,0.009106093231682539,0.03125780835837168,1
ALL,Allstate,reports,Financials,Property & Casualty Insurance,"Northfield Township, Illinois",1995-07-13,899051,1931,-0.2729314634933363,-0.2507869101570257,-0.3332595817376603,0.009106093231682539,0.03125780835837168,1
GOOGL,Alphabet Inc. (Class A),reports,Communication Services,Interactive Media & Services,"Mountain View, California",2014-04-03,1652044,1998,-0.2729314634933363,-0.17166061740857236,-0.4807616956907499,0.009106093231682539,0.03125780835837168,1
MO,Altria,reports,Consumer Staples,Tobacco,"Richmond, Virginia",1957-03-04,764180,1985,2.7550053978243683,-1.6057369553465997,-0.5530053570689345,1.2493795776344185,0.03125780835837168,2
AMZN,Amazon,reports,Consumer Discretionary,Internet & Direct Marketing Retail,"Seattle, Washington",2005-11-18,1018724,1994,-0.2729314634933363,0.2807961027117864,0.007756672699786574,0.009106093231682539,0.03125780835837168,3
AMD,AMD,reports,Information Technology,Semiconductors,"Santa Clara, California",,2488,1969,-0.2729314634933363,1.8043855016796424,0.9853761848534142,0.009106093231682539,0.03125780835837168,3
AEE,Ameren,reports,Utilities,Multi-Utilities,"St. Louis, Missouri",1991-09-19,1002910,1902,-0.2729314634933363,-1.3205366046105387,-0.5132229056879328,0.009106093231682539,0.03125780835837168,1
AAL,American Airlines Group,reports,Industrials,Airlines,"Fort Worth, Texas",2015-03-23,6201,1934,-0.2729314634933363,2.2307437093934093,-3.787283350701621,0.009106093231682539,0.03125780835837168,3
AEP,American Electric Power,reports,Utilities,Electric Utilities,"Columbus, Ohio",1957-03-04,4904,1906,-0.2729314634933363,-1.5921184768987333,-0.4033229953183521,0.009106093231682539,0.03125780835837168,1
AXP,American Express,reports,Financials,Consumer Finance,"New York City, New York",1976-06-30,4962,1850,-0.2729314634933363,0.3741489766214319,-0.5489074268096878,0.009106093231682539,0.03125780835837168,3
AIG,American International Group,reports,Financials,Property & Casualty Insurance,"New York City, New York",1980-03-31,5272,1919,-0.2729314634933363,1.328073944028582,0.007756672699786574,0.009106093231682539,0.03125780835837168,3
AMT,American Tower,reports,Real Estate,Specialized REITs,"Boston, Massachusetts",2007-11-19,1053507,1995,-0.2729314634933363,-0.8064176996571228,0.007756672699786574,1.8692700604455508,0.03125780835837168,0
AWK,American Water Works,reports,Utilities,Water Utilities,"Camden, New Jersey",2016-03-04,1410636,1886,2.0702430324488685,-1.5934806946043467,-0.3605537925825311,1.194808706886268,0.03125780835837168,2
AMP,Ameriprise Financial,reports,Financials,Asset Management & Custody Banks,"Minneapolis, Minnesota",2005-10-03,820027,1894,-0.2729314634933363,1.8054628402173893,0.33406643348306125,0.009106093231682539,0.03125780835837168,3
ABC,AmerisourceBergen,reports,Health Care,Health Care Distributors,"Conshohocken, Pennsylvania",2001-08-30,1140859,1985,-0.2729314634933363,-1.051103238200213,-0.6399147308823685,0.009106093231682539,0.03125780835837168,1
AME,Ametek,reports,Industrials,Electrical Components & Equipment,"Berwyn, Pennsylvania",2013-09-23,1037868,1930,-0.2729314634933363,0.38346943620287205,0.33801994240632793,0.009106093231682539,-1.8262647646662464,6
AMGN,Amgen,reports,Health Care,Biotechnology,"Thousand Oaks, California",1992-01-02,318154,1980,-0.2729314634933363,-0.314126451204686,-0.8237386029044848,0.009106093231682539,0.03125780835837168,1
APH,Amphenol,reports,Information Technology,Electronic Components,"Wallingford, Connecticut",2008-09-30,820313,1932,-0.2729314634933363,0.5364486017966129,0.007756672699786574,1.3158939506668126,0.03125780835837168,0
ADI,Analog Devices,reports,Information Technology,Semiconductors,"Wilmington, Massachusetts",1999-10-12,6281,1965,-0.2729314634933363,0.3905307077962875,0.007756672699786574,0.009106093231682539,0.03125780835837168,3
ANSS,Ansys,reports,Information Technology,Application Software,"Canonsburg, Pennsylvania",2017-06-19,1013462,1969,-0.2729314634933363,-0.03366896937552896,0.007756672699786574,0.009106093231682539,0.03125780835837168,1
AON,Aon,reports,Financials,Insurance Brokers,"London, UK",1996-04-23,315293,1982 (1919),-0.2729314634933363,-0.4571691391516676,-0.2988471526456789,0.009106093231682539,0.03125780835837168,1
APA,APA Corporation,reports,Energy,Oil & Gas Exploration & Production,"Houston, Texas",1997-07-28,1841666,1954,-0.2729314634933363,0.036559494186521005,4.7989830257370825,0.009106093231682539,0.03125780835837168,4
AAPL,Apple Inc.,reports,Information Technology,"Technology Hardware, Storage & Peripherals","Cupertino, California",1982-11-30,320193,1977,-0.2729314634933363,-0.2799642273541123,-0.49042777318331066,0.009106093231682539,3.822685962292533,5
AMAT,Applied Materials,reports,Information Technology,Semiconductor Equipment,"Santa Clara, California",1995-03-16,6951,1967,-0.2729314634933363,0.6524792944360126,0.007756672699786574,0.009106093231682539,0.03125780835837168,3
ACGL,Arch Capital Group,reports,Financials,Reinsurance,"Hamilton, Bermuda",2022-11-01,947484,1995,1.7340454206414013,-1.389677942840487,-0.40299936862381547,0.009106093231682539,0.03125780835837168,2
AJG,Arthur J. Gallagher & Co.,reports,Financials,Insurance Brokers,"Rolling Meadows, Illinois",2016-05-31,354190,1927,-0.2729314634933363,-0.81680502383236,-0.24005112039717488,0.009106093231682539,0.03125780835837168,1
AIZ,Assurant,reports,Financials,Multi-line Insurance,"New York City, New York",2007-04-10,1267238,1892,-0.2729314634933363,-0.1774887632598216,0.007756672699786574,0.009106093231682539,0.03125780835837168,1
T,AT&T,reports,Communication Services,Integrated Telecommunication Services,"Dallas, Texas",1983-11-30 (1957-03-04),732717,1983 (1885),-0.2729314634933363,-1.5188868719206807,0.007756672699786574,0.009106093231682539,0.03125780835837168,1
ATO,Atmos Energy,reports,Utilities,Gas Utilities,"Dallas, Texas",2019-02-15,731802,1906,-0.2729314634933363,-1.142048098076803,-0.3271792898929056,0.009106093231682539,0.03125780835837168,1
ADSK,Autodesk,reports,Information Technology,Application Software,"San Francisco, California",1989-12-01,769397,1982,-0.2729314634933363,1.471858483285206,0.007756672699786574,0.009106093231682539,0.03125780835837168,3
AZO,AutoZone,reports,Consumer Discretionary,Specialty Stores,"Memphis, Tennessee",1997-01-02,866787,1979,2.938196763197524,-1.628144319128646,-0.7254383085365493,1.7875821333016009,0.03125780835837168,2
AVB,AvalonBay Communities,reports,Real Estate,Residential REITs,"Arlington, Virginia",2007-01-10,915912,1978,-0.2729314634933363,-0.5942232758741864,-0.5368472098011771,0.009106093231682539,0.03125780835837168,1
AVY,Avery Dennison,reports,Materials,Paper Packaging,"Glendale, California",1987-12-31,8818,1990,-0.2729314634933363,0.38196845583395594,0.007756672699786574,0.009106093231682539,0.03125780835837168,3
BAC,Bank of America,reports,Financials,Diversified Banks,"Charlotte, North Carolina",1976-06-30,70858,1998 (1923 / 1874),-0.2729314634933363,2.094381314421475,0.007756672699786574,-4.083850756732819,0.03125780835837168,7
BAX,Baxter International,reports,Health Care,Health Care Equipment,"Deerfield, Illinois",1972-09-30,10456,1931,-0.2729314634933363,-0.9745771283595437,0.007756672699786574,0.009106093231682539,0.03125780835837168,1
BDX,Becton Dickinson,reports,Health Care,Health Care Equipment,"Franklin Lakes, New Jersey",1972-09-30,10795,1897,-0.2729314634933363,-1.0238880304607574,-0.2725148122294679,0.009106093231682539,0.03125780835837168,1
WRB,Berkley,reports,Financials,Property & Casualty Insurance,"Greenwich, Connecticut",2019-12-05,11544,1967,-0.2729314634933363,-0.986900134893678,-0.3390833634724936,-1.005787852320141,0.03125780835837168,1
BBY,Best Buy,reports,Consumer Discretionary,Computer & Electronics Retail,"Richfield, Minnesota",1999-06-29,764478,1966,-0.2729314634933363,-0.11150758114888092,0.007756672699786574,0.009106093231682539,0.03125780835837168,1
BIO,Bio-Rad,reports,Health Care,Life Sciences Tools & Services,"Hercules, California",2020-06-22,12208,1952,-0.2729314634933363,-0.7181836063981257,0.007756672699786574,0.009106093231682539,0.03125780835837168,1
TECH,Bio-Techne,reports,Health Care,Life Sciences Tools & Services,"Minneapolis, Minnesota",2021-08-30,842023,1976,-0.2729314634933363,-0.8123275711496429,-0.5364345799549637,0.009106093231682539,0.03125780835837168,1
BIIB,Biogen,reports,Health Care,Biotechnology,"Cambridge, Massachusetts",2003-11-13,875045,1978,-0.2729314634933363,0.030007029135983968,0.007756672699786574,0.009106093231682539,0.03125780835837168,3
BLK,BlackRock,reports,Financials,Asset Management & Custody Banks,"New York City, New York",2011-04-04,1364742,1988,-0.2729314634933363,1.1375127962345932,0.007756672699786574,0.009106093231682539,0.03125780835837168,3
BK,BNY Mellon,reports,Financials,Asset Management & Custody Banks,"New York City, New York",1995-03-31,1390777,1784,-0.2729314634933363,0.8679433338006333,0.007756672699786574,-1.347406870822406,0.03125780835837168,7
BA,Boeing,reports,Industrials,Aerospace & Defense,"Chicago, Illinois",1957-03-04,12927,1916,-0.2729314634933363,0.249369841849584,0.007756672699786574,0.009106093231682539,0.03125780835837168,3
BWA,BorgWarner,reports,Consumer Discretionary,Auto Parts & Equipment,"Auburn Hills, Michigan",2011-12-19,908255,1880,-0.2729314634933363,1.3045320812976744,0.49324140353365314,0.009106093231682539,0.03125780835837168,3
BXP,Boston Properties,reports,Real Estate,Office REITs,"Boston, Massachusetts",2006-04-03,1037540,1970,-0.2729314634933363,-0.11185484724310953,-0.3090213361241083,0.009106093231682539,0.03125780835837168,1
BSX,Boston Scientific,reports,Health Care,Health Care Equipment,"Marlborough, Massachusetts",1995-02-24,885725,1979,-0.2729314634933363,0.14521329001680336,0.007756672699786574,0.009106093231682539,0.03125780835837168,3
BMY,Bristol Myers Squibb,reports,Health Care,Health Care Distributors,"New York City, New York",1957-03-04,14272,1989,-0.2729314634933363,-1.1185226368170933,-0.5023125440705046,0.009106093231682539,0.03125780835837168,1
AVGO,Broadcom Inc.,reports,Information Technology,Semiconductors,"San Jose, California",2014-05-08,1730168,1961,4.028606374482674,0.9364035789653604,0.007756672699786574,2.620228169539122,0.03125780835837168,2
BR,Broadridge Financial Solutions,reports,Information Technology,Data Processing & Outsourced Services,"Lake Success, New York",2018-06-18,1383312,1962,-0.2729314634933363,-0.6412372666911146,0.007756672699786574,0.009106093231682539,0.03125780835837168,1
BRO,Brown & Brown,reports,Financials,Insurance Brokers,"Daytona Beach, Florida",2021-09-20,79282,1939,-0.2729314634933363,-0.7752306345532451,0.007756672699786574,-1.2282757419556967,0.03125780835837168,1
CHRW,C.H. Robinson,reports,Industrials,Air Freight & Logistics,"Eden Prairie, Minnesota",2007-03-02,1043277,1905,-0.2729314634933363,-0.6763543571893514,-0.3599672107367196,0.009106093231682539,-2.587898246530487,6
CDNS,Cadence Design Systems,reports,Information Technology,Application Software,"San Jose, California",2017-09-18,813672,1988,-0.2729314634933363,0.2111995501476988,0.007756672699786574,0.009106093231682539,0.03125780835837168,3
CPT,Camden Property Trust,reports,Real Estate,Residential REITs,"Houston, Texas",2022-04-04,906345,1981,-0.2729314634933363,-0.40142275142123435,-0.5309313688869126,0.009106093231682539,0.03125780835837168,1
CPB,Campbell Soup Company,reports,Consumer Staples,Packaged Foods & Meats,"Camden, New Jersey",1957-03-04,16732,1869,-0.2729314634933363,-1.810178783747908,0.007756672699786574,0.009106093231682539,0.03125780835837168,1
COF,Capital One,reports,Financials,Consumer Finance,"Tysons Corner, Virginia",1998-07-01,927628,1994,-0.2729314634933363,0.8838809998503933,0.007756672699786574,-1.5160697469608264,0.03125780835837168,7
CAH,Cardinal Health,reports,Health Care,Health Care Distributors,"Dublin, Ohio",1997-05-27,721371,1971,-0.2729314634933363,-0.46580941625751554,-0.5375079072370221,0.009106093231682539,0.03125780835837168,1
KMX,CarMax,reports,Consumer Discretionary,Automotive Retail,"Richmond, Virginia",2010-06-28,1170010,1993,-0.2729314634933363,0.5394302675417838,0.007756672699786574,0.009106093231682539,0.03125780835837168,3
CCL,Carnival,reports,Consumer Discretionary,"Hotels, Resorts & Cruise Lines","Miami, Florida",1998-12-22,815097,1972,-0.2729314634933363,0.8809747883218152,-1.49769776632021,0.009106093231682539,0.03125780835837168,3
CAT,Caterpillar Inc.,reports,Industrials,Construction Machinery & Heavy Trucks,"Irving, Texas",1957-03-04,18230,1925,-0.2729314634933363,0.5441531802116213,1.4481457131951632,1.9327116883047513,-3.186679036902489,6
CE,Celanese,reports,Materials,Specialty Chemicals,"Irving, Texas",2018-12-24,1306830,1918,-0.2729314634933363,1.731610060443353,1.1636265919946587,0.009106093231682539,0.03125780835837168,3
CNC,Centene Corporation,reports,Health Care,Managed Health Care,"St. Louis, Missouri",2016-03-30,1071739,1984,-0.2729314634933363,0.26760739967723945,-0.6612808213110343,0.009106093231682539,0.03125780835837168,3
CNP,CenterPoint Energy,reports,Utilities,Multi-Utilities,"Houston, Texas",1985-07-31,1130310,1882,-0.2729314634933363,-1.0833437201290572,0.4592027098526779,0.009106093231682539,0.03125780835837168,1
CF,CF Industries,reports,Materials,Fertilizers & Agricultural Chemicals,"Deerfield, Illinois",2008-08-27,1324404,1946,-0.2729314634933363,0.03625001285689871,1.8968100780623298,0.009106093231682539,0.03125780835837168,4
CRL,Charles River Laboratories,reports,Health Care,Life Sciences Tools & Services,"Wilmington, Massachusetts",2021-05-14,1100682,1947,-0.2729314634933363,-0.1373674110298346,0.007756672699786574,0.009106093231682539,0.03125780835837168,1
SCHW,Charles Schwab Corporation,reports,Financials,Investment Banking & Brokerage,"Westlake, Texas",1997-06-02,316709,1971,-0.2729314634933363,1.2307447735069805,0.007756672699786574,-3.222282099250525,0.03125780835837168,7
CVX,Chevron Corporation,reports,Energy,Integrated Oil & Gas,"San Ramon, California",1957-03-04,93410,1879,-0.2729314634933363,-0.609285165582818,2.383323370948993,0.009106093231682539,0.03125780835837168,4
CMG,Chipotle Mexican Grill,reports,Consumer Discretionary,Restaurants,"Newport Beach, California",2011-04-28,1058090,1993,-0.2729314634933363,-0.6007353191876517,0.007756672699786574,0.009106093231682539,-6.131233299292946,6
CB,Chubb Limited,reports,Financials,Property & Casualty Insurance,"Zurich, Switzerland",2010-07-15,896159,1985,-0.2729314634933363,-0.656154661192679,-0.701472976891592,0.009106093231682539,0.03125780835837168,1
CHD,Church & Dwight,reports,Consumer Staples,Household Products,"Ewing, New Jersey",2015-12-29,313927,1847,-0.2729314634933363,-1.5240780731156744,-0.3415326958437721,0.009106093231682539,0.03125780835837168,1
CI,Cigna,reports,Health Care,Managed Health Care,"Bloomfield, Connecticut",1976-06-30,1739940,1982,-0.2729314634933363,-0.1540196254784058,-0.6177715588583585,-1.7467278882837654,0.03125780835837168,7
CINF,Cincinnati Financial,reports,Financials,Property & Casualty Insurance,"Fairfield, Ohio",1997-12-18,20286,1950,-0.2729314634933363,-0.1443564850591752,-0.4192469137669067,-0.8472432266933456,0.03125780835837168,1
CTAS,Cintas,reports,Industrials,Diversified Support Services,"Mason, Ohio",2001-03-01,723254,1929,2.1241505871783493,-0.19230357538821508,-0.34326769838461213,0.009106093231682539,0.03125780835837168,2
CSCO,Cisco,reports,Information Technology,Communications Equipment,"San Jose, California",1993-12-01,858877,1984,-0.2729314634933363,-0.07937521548347345,0.007756672699786574,0.009106093231682539,0.03125780835837168,1
C,Citigroup,reports,Financials,Diversified Banks,"New York City, New York",1988-05-31,831001,1998,-0.2729314634933363,2.1395456961679358,0.007756672699786574,-3.246791784361258,0.03125780835837168,7
CLX,Clorox,reports,Consumer Staples,Household Products,"Oakland, California",1969-03-31,21076,1913,-0.2729314634933363,-1.8493925362447965,-0.6136313315250932,0.009106093231682539,0.03125780835837168,1
CME,CME Group,reports,Financials,Financial Exchanges & Data,"Chicago, Illinois",2006-08-11,1156375,1848,-0.2729314634933363,-0.0048632180683016455,-0.8459586827172818,0.009106093231682539,0.03125780835837168,1
CMS,CMS Energy,reports,Utilities,Multi-Utilities,"Jackson, Michigan",1999-05-03,811156,1886,-0.2729314634933363,-1.451130823358906,-0.4522538104965576,0.009106093231682539,0.03125780835837168,1
KO,The Coca-Cola Company,reports,Consumer Staples,Soft Drinks,"Atlanta, Georgia",1957-03-04,21344,1886,-0.2729314634933363,-1.5508252210206184,-0.2150394303697213,0.009106093231682539,0.03125780835837168,1
CTSH,Cognizant,reports,Information Technology,IT Consulting & Other Services,"Teaneck, New Jersey",2006-11-17,1058290,1994,-0.2729314634933363,0.6972013117847105,0.007756672699786574,0.009106093231682539,-2.9159657488448834,6
CL,Colgate-Palmolive,reports,Consumer Staples,Household Products,"New York City, New York",1957-03-04,21665,1806,-0.2729314634933363,-1.542501397865286,0.007756672699786574,0.009106093231682539,0.03125780835837168,1
CMCSA,Comcast,reports,Communication Services,Cable & Satellite,"Philadelphia, Pennsylvania",2002-11-19,1166691,1963,-0.2729314634933363,-0.20123934272683205,-0.33644578190160485,0.009106093231682539,0.03125780835837168,1
CMA,Comerica,reports,Financials,Diversified Banks,"Dallas, Texas",1995-12-01,28412,1849,-0.2729314634933363,0.9172340245660832,0.5087926631766496,-3.0588710061815956,0.03125780835837168,7
CAG,Conagra Brands,reports,Consumer Staples,Packaged Foods & Meats,"Chicago, Illinois",1983-08-31,23217,1919,-0.2729314634933363,-1.615582366306864,0.007756672699786574,0.009106093231682539,2.4046260203457623,5
COP,ConocoPhillips,reports,Energy,Oil & Gas Exploration & Production,"Houston, Texas",1957-03-04,1163165,2002,-0.2729314634933363,-0.6426798886557287,3.84462686865252,0.009106093231682539,0.03125780835837168,4
ED,Consolidated Edison,reports,Utilities,Electric Utilities,"New York City, New York",,1047862,1823,-0.2729314634933363,-2.0758830678185363,-0.6170207270384254,0.009106093231682539,0.03125780835837168,1
STZ,Constellation Brands,reports,Consumer Staples,Distillers & Vintners,"Victor, New York",2005-07-01,16918,1945,4.235393909293056,-0.28508499713052116,0.007756672699786574,0.009106093231682539,0.03125780835837168,2
COO,CooperCompanies,reports,Health Care,Health Care Supplies,"San Ramon, California",2016-09-23,711404,1958,-0.2729314634933363,-0.6430760885767648,-0.4403843719725413,0.009106093231682539,0.03125780835837168,1
CPRT,Copart,reports,Industrials,Diversified Support Services,"Dallas, Texas",2018-07-02,900075,1982,-0.2729314634933363,-0.7084660558208178,0.007756672699786574,0.009106093231682539,0.03125780835837168,1
GLW,Corning Inc.,reports,Information Technology,Electronic Components,"Corning, New York",,24741,1851,-0.2729314634933363,0.6253433014896483,0.007756672699786574,0.009106093231682539,0.03125780835837168,3
CSGP,CoStar Group,reports,Industrials,Research & Consulting Services,"Washington, D.C.",2022-09-19,1057352,1987,-0.2729314634933363,0.46914852593433615,0.007756672699786574,0.009106093231682539,0.03125780835837168,3
COST,Costco,reports,Consumer Staples,Hypermarkets & Super Centers,"Issaquah, Washington",1993-10-01,909832,1976,-0.2729314634933363,-1.250672975394383,-0.6873730785622519,0.009106093231682539,0.03125780835837168,1
CCI,Crown Castle,reports,Real Estate,Specialized REITs,"Houston, Texas",2012-03-14,1051470,1994,-0.2729314634933363,-0.9483619412208123,0.007756672699786574,2.0113315548521142,0.03125780835837168,0
CSX,CSX,reports,Industrials,Railroads,"Jacksonville, Florida",1967-09-30,277948,1980,-0.2729314634933363,0.5347921729996946,0.44588712124985724,0.009106093231682539,0.03125780835837168,3
CMI,Cummins,reports,Industrials,Industrial Machinery,"Columbus, Indiana",1965-03-31,26172,1919,-0.2729314634933363,1.4320445286009207,0.007756672699786574,1.9330869795448158,0.03125780835837168,0
CVS,CVS Health,reports,Health Care,Health Care Services,"Woonsocket, Rhode Island",1957-03-04,64803,1996,-0.2729314634933363,-0.7540637597420105,-0.5714583050971561,1.6079186002097083,0.03125780835837168,0
DHI,D.R. Horton,reports,Consumer Discretionary,Homebuilding,"Arlington, Texas",2005-06-22,882184,1978,-0.2729314634933363,1.1565754247739672,0.007756672699786574,2.1428358666892136,0.03125780835837168,0
DHR,Danaher Corporation,reports,Health Care,Health Care Equipment,"Washington, D.C.",,313616,1969,-0.2729314634933363,0.06997958219476952,-0.3470542508286244,1.0618308737207598,0.03125780835837168,3
DRI,Darden Restaurants,reports,Consumer Discretionary,Restaurants,"Orlando, Florida",,940944,1938,-0.2729314634933363,-0.6430127541625148,-0.6071785409870494,0.009106093231682539,0.03125780835837168,1
DVA,DaVita Inc.,reports,Health Care,Health Care Facilities,"Denver, Colorado",2008-07-31,927066,1979,-0.2729314634933363,-1.0388569823117464,0.007756672699786574,0.009106093231682539,0.03125780835837168,1
DE,John Deere,reports,Industrials,Agricultural & Farm Machinery,"Moline, Illinois",1957-03-04,315189,1837,-0.2729314634933363,-0.07854029498576565,0.7025706144875776,2.43286666056551,0.03125780835837168,0
DAL,Delta Air Lines,reports,Industrials,Airlines,"Atlanta, Georgia",2013-09-11,27904,1929,-0.2729314634933363,1.525172949763061,-3.101870078387964,0.009106093231682539,0.03125780835837168,3
XRAY,Dentsply Sirona,reports,Health Care,Health Care Supplies,"Charlotte, North Carolina",2008-11-14,818479,2016 (1969),-0.2729314634933363,-0.010389544303300344,-0.45067036676111893,0.009106093231682539,0.03125780835837168,1
DVN,Devon Energy,reports,Energy,Oil & Gas Exploration & Production,"Oklahoma City, Oklahoma",2000-08-30,1090012,1971,-0.2729314634933363,-0.0992082170731048,5.23224473182594,0.009106093231682539,0.03125780835837168,4
DXCM,Dexcom,reports,Health Care,Health Care Equipment,"San Diego, California",2020-05-12,1093557,1999,-0.2729314634933363,1.0771519200553834,-0.7603634091848435,0.009106093231682539,0.03125780835837168,3
DLR,Digital Realty,reports,Real Estate,Specialized REITs,"Austin, Texas",2016-05-18,1297996,2004,-0.2729314634933363,-0.8971001826011114,0.007756672699786574,0.009106093231682539,0.03125780835837168,1
DFS,Discover Financial,reports,Financials,Consumer Finance,"Riverwoods, Illinois",2007-07-02,1393612,1985,-0.2729314634933363,0.7189063866093672,0.007756672699786574,0.009106093231682539,0.03125780835837168,3
DISH,Dish Network,reports,Communication Services,Cable & Satellite,"Meridian, Colorado",2017-03-13,1001082,1980,-0.2729314634933363,0.006587468282365692,0.007756672699786574,0.009106093231682539,0.03125780835837168,3
DIS,Disney,reports,Communication Services,Movies & Entertainment,"Burbank, California",1976-06-30,1744489,1923,-0.2729314634933363,0.0600225936690904,-0.5097522815735762,-1.3453366753477773,0.03125780835837168,1
DG,Dollar General,reports,Consumer Discretionary,General Merchandise Stores,"Goodlettsville, Tennessee",2012-12-03,29534,1939,-0.2729314634933363,-1.5599740570925618,-0.9099977901935455,0.009106093231682539,0.03125780835837168,1
DLTR,Dollar Tree,reports,Consumer Discretionary,General Merchandise Stores,"Chesapeake, Virginia",2011-12-19,935703,1986,-0.2729314634933363,-1.304852596779753,-0.8734463116049576,0.009106093231682539,0.03125780835837168,1
D,Dominion Energy,reports,Utilities,Electric Utilities,"Richmond, Virginia",,715957,1983,-0.2729314634933363,-1.6351146891353687,0.007756672699786574,0.009106093231682539,0.03125780835837168,1
DPZ,Domino's,reports,Consumer Discretionary,Restaurants,"Ann Arbor, Michigan",2020-05-12,1286681,1960,6.056735436873595,-0.2276038878139492,-0.6525167004929882,2.177176709435879,0.03125780835837168,2
DOV,Dover Corporation,reports,Industrials,Industrial Machinery,"Downers Grove, Illinois",1985-10-31,29905,1955,-0.2729314634933363,0.4347006955786877,1.5469067559037064,1.6598663032594754,-2.0873105614703675,6
DOW,Dow Inc.,reports,Materials,Commodity Chemicals,"Midland, Michigan",2019-04-01,1751788,2019,-0.2729314634933363,1.1869453519014364,1.0320556115018031,0.009106093231682539,0.03125780835837168,3
DTE,DTE Energy,reports,Utilities,Multi-Utilities,"Detroit, Michigan",1957-03-04,936340,1995,-0.2729314634933363,-1.4154679221941255,-0.3761875701065582,0.009106093231682539,0.03125780835837168,1
DUK,Duke Energy,reports,Utilities,Electric Utilities,"Charlotte, North Carolina",1976-06-30,1326160,1904,-0.2729314634933363,-2.0002110129077595,-0.4224699866172946,0.009106093231682539,0.03125780835837168,1
DD,DuPont,reports,Materials,Specialty Chemicals,"Wilmington, Delaware",2019-04-02,1666700,2017,-0.2729314634933363,0.05130722895711741,0.007756672699786574,0.009106093231682539,0.03125780835837168,3
EMN,Eastman Chemical Company,reports,Materials,Diversified Chemicals,"Kingsport, Tennessee",1994-01-01,915389,1920,-0.2729314634933363,0.8403583743330431,1.1357007078227488,0.009106093231682539,0.03125780835837168,3
ETN,Eaton Corporation,reports,Industrials,Electrical Components & Equipment,"Dublin, Ireland",,1551182,1911,-0.2729314634933363,0.9259716682782403,0.6774406333975809,1.9955126697626713,-2.7645846967883405,6
EBAY,eBay,reports,Consumer Discretionary,Internet & Direct Marketing Retail,"San Jose, California",2002-07-22,1065088,1995,-0.2729314634933363,0.403630836950067,-0.5612983555086261,0.009106093231682539,0.03125780835837168,3
ECL,Ecolab,reports,Materials,Specialty Chemicals,"Saint Paul, Minnesota",1989-01-31,31462,1923,-0.2729314634933363,-0.5934819243550796,0.007756672699786574,0.009106093231682539,0.03125780835837168,1
EIX,Edison International,reports,Utilities,Electric Utilities,"Rosemead, California",1957-03-04,827052,1886,-0.2729314634933363,-1.5692012797310644,-0.43120234766507526,0.009106093231682539,0.03125780835837168,1
EW,Edwards Lifesciences,reports,Health Care,Health Care Equipment,"Irvine, California",2011-04-01,1099800,1958,-0.2729314634933363,-0.5073880568954139,-0.8499136993656619,0.009106093231682539,0.03125780835837168,1
EA,Electronic Arts,reports,Communication Services,Interactive Home Entertainment,"Redwood City, California",2002-07-22,712515,1982,-0.2729314634933363,0.4859247105364961,0.007756672699786574,0.009106093231682539,0.03125780835837168,3
LLY,Eli Lilly and Company,reports,Health Care,Pharmaceuticals,"Indianapolis, Indiana",1970-12-31,59478,1876,-0.2729314634933363,-1.2653404254360696,0.007756672699786574,0.009106093231682539,0.03125780835837168,1
EMR,Emerson Electric,reports,Industrials,Electrical Components & Equipment,"Ferguson, Missouri",1965-03-31,32604,1890,-0.2729314634933363,0.2610091016710927,0.6465941100953997,1.2760380188247835,-2.417644841075016,6
ETR,Entergy,reports,Utilities,Electric Utilities,"New Orleans, Louisiana",1957-03-04,65984,1913,-0.2729314634933363,-1.565860495133797,-0.28861210339044474,0.009106093231682539,0.03125780835837168,1
EOG,EOG Resources,reports,Energy,Oil & Gas Exploration & Production,"Houston, Texas",2000-11-02,821189,1999,-0.2729314634933363,0.23021445124205112,4.055674109590463,0.009106093231682539,0.03125780835837168,4
EQT,EQT,reports,Energy,Oil & Gas Exploration & Production,"Pittsburgh, Pennsylvania",2022-10-03,33213,1888,-0.2729314634933363,-0.20695795406571796,2.1903283918997953,0.009106093231682539,8.493927295588952,5
EFX,Equifax,reports,Industrials,Research & Consulting Services,"Atlanta, Georgia",1997-06-19,33185,1899,-0.2729314634933363,-0.17240302610336375,0.007756672699786574,0.009106093231682539,0.03125780835837168,1
EQIX,Equinix,reports,Real Estate,Specialized REITs,"Redwood City, California",2015-03-20,1101239,1998,-0.2729314634933363,0.18797353268949318,-0.5139778515805468,0.009106093231682539,0.03125780835837168,3
EQR,Equity Residential,reports,Real Estate,Residential REITs,"Chicago, Illinois",2001-12-03,906107,1969,-0.2729314634933363,-0.2951955259108388,-0.67572984416157,0.009106093231682539,2.155521915751732,5
ESS,Essex Property Trust,reports,Real Estate,Residential REITs,"San Mateo, California",2014-04-02,920522,1971,-0.2729314634933363,-0.5878967249149883,-0.47756423996963415,0.009106093231682539,2.8803676254704356,5
EL,The Est√©e Lauder Companies,reports,Consumer Staples,Personal Products,"New York City, New York",2006-01-05,1001250,1946,-0.2729314634933363,-0.27477944679312577,0.007756672699786574,0.009106093231682539,0.03125780835837168,1
RE,Everest Re,reports,Financials,Reinsurance,"Hamilton, Bermuda",2017-06-19,1095073,1973,-0.2729314634933363,-1.0833760151691718,-0.39965002607952177,0.009106093231682539,0.03125780835837168,1
ES,Eversource,reports,Utilities,Multi-Utilities,"Hartford, Connecticut",2009,72741,1966,-0.2729314634933363,-1.421202499574469,-0.41241188770716275,0.009106093231682539,0.03125780835837168,1
EXC,Exelon,reports,Utilities,Multi-Utilities,"Chicago, Illinois",1957-03-04,1109357,2000,-0.2729314634933363,-1.65090930416183,0.007756672699786574,0.009106093231682539,4.1506303069333965,5
EXPE,Expedia Group,reports,Consumer Discretionary,Internet & Direct Marketing Retail,"Seattle, Washington",2007-10-02,1324424,1996,-0.2729314634933363,0.4811709114521573,0.007756672699786574,0.009106093231682539,-4.67154692529708,6
EXPD,Expeditors International,reports,Industrials,Air Freight & Logistics,"Seattle, Washington",2007-10-10,746515,1979,-0.2729314634933363,0.0473515359296869,-0.46978929499970173,0.009106093231682539,0.03125780835837168,1
EXR,Extra Space Storage,reports,Real Estate,Specialized REITs,"Salt Lake City, Utah",2016-01-19,1289490,1977,3.0541967512067,-0.07286789754349575,-0.7423724394973575,1.4350214948807247,0.03125780835837168,2
XOM,ExxonMobil,reports,Energy,Integrated Oil & Gas,"Irving, Texas",1957-03-04,34088,1999,-0.2729314634933363,-0.8671403108766946,1.6018416130731774,0.009106093231682539,0.03125780835837168,1
FFIV,"F5, Inc.",reports,Information Technology,Communications Equipment,"Seattle, Washington",2010-12-20,1048695,1996,-0.2729314634933363,0.9560196650643149,0.007756672699786574,0.009106093231682539,0.03125780835837168,3
FDS,FactSet,reports,Financials,Financial Exchanges & Data,"Norwalk, Connecticut",2021-12-20,1013237,1978,-0.2729314634933363,-0.21906144463267335,0.007756672699786574,0.009106093231682539,0.03125780835837168,1
FAST,Fastenal,reports,Industrials,Building Products,"Winona, Minnesota",2008-09-15,815556,1967,-0.2729314634933363,0.15991250538346136,0.007756672699786574,1.799571024949444,0.03125780835837168,0
FRT,Federal Realty,reports,Real Estate,Retail REITs,"Rockville, Maryland",2016-02-01,34903,1962,-0.2729314634933363,-0.7640401337681514,-0.580650160826147,1.1439597051840693,0.03125780835837168,1
FDX,FedEx,reports,Industrials,Air Freight & Logistics,"Memphis, Tennessee",1980-12-31,1048911,1971,-0.2729314634933363,0.383853722417561,0.007756672699786574,0.009106093231682539,0.03125780835837168,3
FITB,Fifth Third Bank,reports,Financials,Regional Banks,"Cincinnati, Ohio",,35527,1858,-0.2729314634933363,1.4429811427873758,0.007756672699786574,-2.4177382629312083,0.03125780835837168,7
FE,FirstEnergy,reports,Utilities,Electric Utilities,"Akron, Ohio",,1031296,1997,-0.2729314634933363,-1.564698299021236,0.007756672699786574,0.009106093231682539,0.03125780835837168,1
FIS,FIS,reports,Information Technology,Data Processing & Outsourced Services,"Jacksonville, Florida",2006-11-10,1136893,1968,-0.2729314634933363,-0.2700642773659869,-0.6119937210688777,0.009106093231682539,0.03125780835837168,1
FISV,Fiserv,reports,Information Technology,Data Processing & Outsourced Services,"Brookfield, Wisconsin",2001-04-02,798354,1984,1.5942416527076801,-0.2122206389652986,-0.4439425981637783,0.009106093231682539,0.03125780835837168,2
FMC,FMC Corporation,reports,Materials,Fertilizers & Agricultural Chemicals,"Philadelphia, Pennsylvania",2009-08-19,37785,1883,-0.2729314634933363,0.28633210050364116,1.2221685862948768,0.009106093231682539,-2.351461816338991,6
F,Ford Motor Company,reports,Consumer Discretionary,Automobile Manufacturers,"Dearborn, Michigan",1957-03-04,37996,1903,-0.2729314634933363,0.8139294276476454,0.007756672699786574,0.009106093231682539,0.03125780835837168,3
FTNT,Fortinet,reports,Information Technology,Systems Software,"Sunnyvale, California",2018-10-11,1262039,2000,-0.2729314634933363,0.29190498260313896,0.007756672699786574,0.009106093231682539,0.03125780835837168,3
FOXA,Fox Corporation (Class A),reports,Communication Services,Movies & Entertainment,"New York City, New York",2013-07-01,1754301,2019,-0.2729314634933363,0.8008917748911114,-0.4049550867123218,0.009106093231682539,0.03125780835837168,3
FOX,Fox Corporation (Class B),reports,Communication Services,Movies & Entertainment,"New York City, New York",2015-09-18,1754301,2019,-0.2729314634933363,0.6273636258909562,0.007756672699786574,0.009106093231682539,0.03125780835837168,3
BEN,Franklin Templeton,reports,Financials,Asset Management & Custody Banks,"San Mateo, California",,38777,1947,-0.2729314634933363,1.300540271693617,0.5066916069748036,0.009106093231682539,0.03125780835837168,3
FCX,Freeport-McMoRan,reports,Materials,Copper,"Phoenix, Arizona",,831259,1912,-0.2729314634933363,1.3830969551332684,5.671709312580009,3.108097789117258,-6.334487743474907,6
GRMN,Garmin,reports,Consumer Discretionary,Consumer Electronics,"Schaffhausen, Switzerland",2012-12-12,1121788,1989,-0.2729314634933363,-0.5502166732062235,0.007756672699786574,0.009106093231682539,0.03125780835837168,1
IT,Gartner,reports,Information Technology,IT Consulting & Other Services,"Stamford, Connecticut",2017-04-05,749251,1979,2.4082886379832567,-0.2659467306793847,-0.4478336223466631,0.009106093231682539,0.03125780835837168,2
GD,General Dynamics,reports,Industrials,Aerospace & Defense,"Falls Church, Virginia",1957-03-04,40533,1899,-0.2729314634933363,-0.1763512939947837,0.007756672699786574,0.009106093231682539,0.03125780835837168,1
GE,General Electric,reports,Industrials,Industrial Conglomerates,"Boston, Massachusetts",,40545,1892,-0.2729314634933363,0.13511669340826352,0.007756672699786574,0.009106093231682539,0.03125780835837168,3
GIS,General Mills,reports,Consumer Staples,Packaged Foods & Meats,"Golden Valley, Minnesota",1969-03-31,40704,1856,-0.2729314634933363,-1.8380238453598823,-0.38722958418990816,0.009106093231682539,0.03125780835837168,1
GPC,Genuine Parts Company,reports,Consumer Discretionary,Specialty Stores,"Atlanta, Georgia",1973-12-31,40987,1925,-0.2729314634933363,-0.2552995782218342,0.007756672699786574,0.009106093231682539,0.03125780835837168,1
GILD,Gilead Sciences,reports,Health Care,Biotechnology,"Foster City, California",2004-07-01,882095,1987,-0.2729314634933363,-0.22819267580320646,-0.47737436152261764,0.009106093231682539,0.03125780835837168,1
GPN,Global Payments,reports,Information Technology,Data Processing & Outsourced Services,"Atlanta, Georgia",2016-04-25,1123360,2000,-0.2729314634933363,-0.09394869086543126,0.007756672699786574,0.009106093231682539,0.03125780835837168,1
GS,Goldman Sachs,reports,Financials,Investment Banking & Brokerage,"New York City, New York",2002-07-22,886982,1869,-0.2729314634933363,0.7715617024725281,0.007756672699786574,0.009106093231682539,0.03125780835837168,3
HAL,Halliburton,reports,Energy,Oil & Gas Equipment & Services,"Houston, Texas",1957-03-04,45012,1919,-0.2729314634933363,0.7255249419862009,3.9037382618330603,0.009106093231682539,0.03125780835837168,4
HIG,Hartford (The),reports,Financials,Property & Casualty Insurance,"Hartford, Connecticut",1957-03-04,874766,1810,-0.2729314634933363,2.155436432994997,-0.45211592585248933,0.009106093231682539,0.03125780835837168,3
HAS,Hasbro,reports,Consumer Discretionary,Leisure Products,"Pawtucket, Rhode Island",1984-09-30,46080,1923,-0.2729314634933363,-0.8014824079234615,0.007756672699786574,0.009106093231682539,0.03125780835837168,1
HSIC,Henry Schein,reports,Health Care,Health Care Distributors,"Melville, New York",2015-03-17,1000228,1932,-0.2729314634933363,-0.381509559189456,-0.6685258366511369,0.009106093231682539,0.03125780835837168,1
HSY,Hershey's,reports,Consumer Staples,Packaged Foods & Meats,"Hershey, Pennsylvania",1957-03-04,47111,1894,2.132449493077438,-1.7842114652596583,-0.4829743727599758,0.009106093231682539,0.03125780835837168,2
HES,Hess Corporation,reports,Energy,Integrated Oil & Gas,"New York City, New York",1984-05-31,4447,1919,-0.2729314634933363,0.3738290986463556,4.898491510816705,0.009106093231682539,0.03125780835837168,4
HOLX,Hologic,reports,Health Care,Health Care Equipment,"Marlborough, Massachusetts",2016-03-30,859737,1985,-0.2729314634933363,0.10613312161564362,-0.518967560426322,0.009106093231682539,0.03125780835837168,3
HD,The Home Depot,reports,Consumer Discretionary,Home Improvement Retail,"Atlanta, Georgia",1988-03-31,354950,1978,2.303751529174873,-0.36597772114764876,-0.755966799484076,0.009106093231682539,0.03125780835837168,2
HON,Honeywell,reports,Industrials,Industrial Conglomerates,"Charlotte, North Carolina",1964-03-31,773840,1906,-0.2729314634933363,0.49486853361178207,0.007756672699786574,0.009106093231682539,0.03125780835837168,3
HRL,Hormel Foods,reports,Consumer Staples,Packaged Foods & Meats,"Austin, Minnesota",2009-03-04,48465,1891,2.33355708913716,-1.345401722243597,-0.5396129003218503,0.009106093231682539,0.03125780835837168,2
HST,Host Hotels & Resorts,reports,Real Estate,Hotel & Resort REITs,"Bethesda, Maryland",2007-03-20,1070750,1993,-0.2729314634933363,1.4646312102526353,0.007756672699786574,0.009106093231682539,0.03125780835837168,3
HPQ,HP Inc.,reports,Information Technology,"Technology Hardware, Storage & Peripherals","Palo Alto, California",1974-12-31,47217,1939 (2015),-0.2729314634933363,0.20306834077576594,0.007756672699786574,-2.652710933547355,0.03125780835837168,7
HUM,Humana,reports,Health Care,Managed Health Care,"Louisville, Kentucky",,49071,1961,-0.2729314634933363,-0.7911022205595213,0.007756672699786574,0.009106093231682539,0.03125780835837168,1
HBAN,Huntington Bancshares,reports,Financials,Regional Banks,"Columbus, Ohio; Detroit, Michigan",,49196,1866,-0.2729314634933363,1.3958586440401421,0.007756672699786574,-2.043445575815512,0.03125780835837168,7
IBM,IBM,reports,Information Technology,IT Consulting & Other Services,"Armonk, New York",1957-03-04,51143,1911,-0.2729314634933363,-0.8493026665713647,0.007756672699786574,0.009106093231682539,0.03125780835837168,1
IEX,IDEX Corporation,reports,Industrials,Industrial Machinery,"Lake Forest, Illinois",2019-08-09,832101,1988,-0.2729314634933363,0.3953666206035955,0.4934395232481379,0.009106093231682539,0.03125780835837168,3
IDXX,Idexx Laboratories,reports,Health Care,Health Care Equipment,"Westbrook, Maine",2017-01-05,874716,1983,-0.2729314634933363,-0.33915386174261214,-0.7220655953342822,0.009106093231682539,0.03125780835837168,1
ITW,Illinois Tool Works,reports,Industrials,Industrial Machinery,"Glenview, Illinois",1986-02-28,49826,1912,-0.2729314634933363,0.17776345738413268,0.007756672699786574,0.009106093231682539,0.03125780835837168,3
ILMN,Illumina,reports,Health Care,Life Sciences Tools & Services,"San Diego, California",2015-11-19,1110803,1998,-0.2729314634933363,0.5444972359615701,-1.0091820188766318,0.009106093231682539,0.03125780835837168,3
INCY,Incyte,reports,Health Care,Biotechnology,"Wilmington, Delaware",2017-02-28,879169,1991,-0.2729314634933363,1.6866887971948321,0.007756672699786574,0.009106093231682539,0.03125780835837168,3
IR,Ingersoll Rand,reports,Industrials,Industrial Machinery,"Davidson, North Carolina",2020-03-03,1699150,1859,-0.2729314634933363,0.7946885706268633,0.007756672699786574,0.009106093231682539,0.03125780835837168,3
INTC,Intel,reports,Information Technology,Semiconductors,"Santa Clara, California",1976-12-31,50863,1968,-0.2729314634933363,-0.14048252316535634,0.007756672699786574,0.009106093231682539,0.03125780835837168,1
ICE,Intercontinental Exchange,reports,Financials,Financial Exchanges & Data,"Atlanta, Georgia",2007-09-26,1571949,2000,-0.2729314634933363,-0.10950182252823032,-0.42819057345854006,0.009106093231682539,0.03125780835837168,1
IP,International Paper,reports,Materials,Paper Packaging,"Memphis, Tennessee",1957-03-04,51434,1898,-0.2729314634933363,1.0278685252770896,0.007756672699786574,0.009106093231682539,0.03125780835837168,3
IPG,The Interpublic Group of Companies,reports,Communication Services,Advertising,"New York City, New York",1992-10-01,51644,1961 (1930),-0.2729314634933363,1.1510469192104362,0.007756672699786574,0.009106093231682539,0.03125780835837168,3
IFF,International Flavors & Fragrances,reports,Materials,Specialty Chemicals,"New York City, New York",1976-03-31,51253,1958 (1889),-0.2729314634933363,-0.23918299199292775,0.007756672699786574,0.009106093231682539,0.03125780835837168,1
INTU,Intuit,reports,Information Technology,Application Software,"Mountain View, California",2000-12-05,896878,1983,-0.2729314634933363,0.011524517878065419,-0.652356317281691,1.5316355162026996,0.03125780835837168,0
ISRG,Intuitive Surgical,reports,Health Care,Health Care Equipment,"Sunnyvale, California",2008-06-02,1035267,1995,-0.2729314634933363,-0.36415660805235645,0.007756672699786574,0.009106093231682539,0.03125780835837168,1
IVZ,Invesco,reports,Financials,Asset Management & Custody Banks,"Atlanta, Georgia",2008-08-21,914208,1935,-0.2729314634933363,2.3516587346627653,0.007756672699786574,0.009106093231682539,0.03125780835837168,3
IRM,Iron Mountain,reports,Real Estate,Specialized REITs,"Boston, Massachusetts",2009-01-06,1020569,1951,-0.2729314634933363,-0.5279526213227815,0.007756672699786574,2.419840676502232,0.03125780835837168,0
JBHT,J.B. Hunt,reports,Industrials,Trucking,"Lowell, Arkansas",2015-07-01,728535,1961,-0.2729314634933363,-0.3121953807043719,-0.3487569705899869,0.009106093231682539,0.03125780835837168,1
JKHY,Jack Henry & Associates,reports,Information Technology,Data Processing & Outsourced Services,"Monett, Missouri",2018-11-13,779152,1976,1.4592790792982209,-0.20866173110086228,-0.3025178886416606,0.009106093231682539,0.03125780835837168,2
JNJ,Johnson & Johnson,reports,Health Care,Pharmaceuticals,"New Brunswick, New Jersey",1973-06-30,200406,1886,-0.2729314634933363,-1.4136883767783552,-0.5077343275642664,0.009106093231682539,0.03125780835837168,1
JCI,Johnson Controls,reports,Industrials,Building Products,"Cork, Ireland",2010-08-27,833444,1885,-0.2729314634933363,-0.2950253906147414,0.007756672699786574,0.009106093231682539,0.03125780835837168,1
JPM,JPMorgan Chase,reports,Financials,Diversified Banks,"New York City, New York",1975-06-30,19617,2000 (1799 / 1871),-0.2729314634933363,1.1426244329900006,0.007756672699786574,-2.483147119057074,0.03125780835837168,7
JNPR,Juniper Networks,reports,Information Technology,Communications Equipment,"Sunnyvale, California",2006-06-02,1043604,1996,-0.2729314634933363,0.5973227864715187,0.007756672699786574,0.009106093231682539,0.03125780835837168,3
K,Kellogg's,reports,Consumer Staples,Packaged Foods & Meats,"Battle Creek, Michigan",1989-09-11,55067,1906,-0.2729314634933363,-1.911449406242543,-0.3165295929917447,0.009106093231682539,0.03125780835837168,1
KEY,KeyCorp,reports,Financials,Regional Banks,"Cleveland, Ohio",1994-03-01,91576,1825,-0.2729314634933363,1.3923927875233297,0.007756672699786574,-2.3711849733565638,0.03125780835837168,7
KMB,Kimberly-Clark,reports,Consumer Staples,Household Products,"Irving, Texas",1957-03-04,55785,1872,-0.2729314634933363,-1.7443521379183662,-0.39850468068214556,0.009106093231682539,0.03125780835837168,1
KIM,Kimco Realty,reports,Real Estate,Retail REITs,"New Hyde Park, New York",2006-04-04,879101,1958,-0.2729314634933363,0.45348622342365263,-0.5799667986501289,0.009106093231682539,0.03125780835837168,3
KLAC,KLA Corporation,reports,Information Technology,Semiconductor Equipment,"Milpitas, California",,319201,1975/1977 (1997),-0.2729314634933363,0.603066118457556,-0.4088160076810487,0.009106093231682539,0.03125780835837168,3
KR,Kroger,reports,Consumer Staples,Food Retail,"Cincinnati, Ohio",1957-03-04,56873,1883,2.2923222126115883,-1.3814820855754375,-0.6028735377577055,0.009106093231682539,0.03125780835837168,2
LH,LabCorp,reports,Health Care,Health Care Services,"Burlington, North Carolina",2004-11-01,920148,1978,-0.2729314634933363,-1.0302205152801045,-0.38853675160707196,0.009106093231682539,0.03125780835837168,1
LRCX,Lam Research,reports,Information Technology,Semiconductor Equipment,"Fremont, California",2012-06-29,707549,1980,-0.2729314634933363,0.9839663337084869,-0.42840300101268414,0.009106093231682539,0.03125780835837168,3
LVS,Las Vegas Sands,reports,Consumer Discretionary,Casinos & Gaming,"Las Vegas, Nevada",2019-10-03,1300514,1988,-0.2729314634933363,1.364156863040078,0.5952009785648302,4.550948779476942,0.03125780835837168,0
LDOS,Leidos,reports,Industrials,Diversified Support Services,"Reston, Virginia",2019-08-09,1336920,1969,-0.2729314634933363,-0.4486298978672313,0.007756672699786574,0.009106093231682539,0.03125780835837168,1
LEN,Lennar,reports,Consumer Discretionary,Homebuilding,"Miami, Florida",2005-10-04,920760,1954,-0.2729314634933363,1.535803614357027,0.007756672699786574,0.009106093231682539,0.03125780835837168,3
LNC,Lincoln Financial,reports,Financials,Multi-line Insurance,"Radnor, Pennsylvania",1976-06-30,59558,1905,-0.2729314634933363,2.6161823939184843,0.7832823767262631,-2.1734695639751567,0.03125780835837168,7
LYV,Live Nation Entertainment,reports,Communication Services,Movies & Entertainment,"Beverly Hills, California",2019-12-23,1335258,2010,-0.2729314634933363,1.086462325904511,0.007756672699786574,0.009106093231682539,0.03125780835837168,3
LKQ,LKQ Corporation,reports,Consumer Discretionary,Distributors,"Chicago, Illinois",2016-05-23,1065696,1998,-0.2729314634933363,0.34993679736590716,0.007756672699786574,0.009106093231682539,0.03125780835837168,3
LMT,Lockheed Martin,reports,Industrials,Aerospace & Defense,"Bethesda, Maryland",1984-07-31,936468,1995,2.1291988023251034,-1.0853656243035636,-0.6771774571053232,0.009106093231682539,0.03125780835837168,2
L,Loews Corporation,reports,Financials,Multi-line Insurance,"New York City, New York",,60086,1959,-0.2729314634933363,-0.38281927063333054,0.46612694665618953,0.009106093231682539,0.03125780835837168,1
LOW,Lowe's,reports,Consumer Discretionary,Home Improvement Retail,"Mooresville, North Carolina",1984-02-29,60667,1904/1946/1959,-0.2729314634933363,-0.18582957754586346,-0.790970125477097,0.009106093231682539,0.03125780835837168,1
MTB,M&T Bank,reports,Financials,Regional Banks,"Buffalo, New York",2004-02-23,36270,1856,-0.2729314634933363,0.23977237192816828,0.007756672699786574,-2.45229400514938,0.03125780835837168,7
MRO,Marathon Oil,reports,Energy,Oil & Gas Exploration & Production,"Houston, Texas",1991-05-01,101778,1887,-0.2729314634933363,0.1190685624111516,6.181891328692227,0.009106093231682539,0.03125780835837168,4
MKTX,MarketAxess,reports,Financials,Financial Exchanges & Data,"New York City, New York",2019-07-01,1278021,2000,4.487211267752639,0.23380828717461652,-0.7031132389528524,0.009106093231682539,0.03125780835837168,2
MAR,Marriott International,reports,Consumer Discretionary,"Hotels, Resorts & Cruise Lines","Bethesda, Maryland",,1048286,1927,-0.2729314634933363,0.8822878457045966,0.007756672699786574,0.009106093231682539,0.03125780835837168,3
MMC,Marsh McLennan,reports,Financials,Insurance Brokers,"New York City, New York",1987-08-31,62709,1905,-0.2729314634933363,-0.29674176457047197,-0.36883368700022057,0.009106093231682539,0.03125780835837168,1
MLM,Martin Marietta Materials,reports,Materials,Construction Materials,"Raleigh, North Carolina",2014-07-02,916076,1993,-0.2729314634933363,0.20814679805904554,0.007756672699786574,0.009106093231682539,0.03125780835837168,3
MAS,Masco,reports,Industrials,Building Products,"Livonia, Michigan",1981-06-30,62996,1929,-0.2729314634933363,1.923743011545896,0.007756672699786574,0.009106093231682539,0.03125780835837168,3
MA,Mastercard,reports,Information Technology,Data Processing & Outsourced Services,"Harrison, New York",2008-07-18,1141391,1966,-0.2729314634933363,0.43361535884297414,0.007756672699786574,0.009106093231682539,0.03125780835837168,3
MKC,McCormick & Company,reports,Consumer Staples,Packaged Foods & Meats,"Hunt Valley, Maryland",2003-03-20,63754,1889,-0.2729314634933363,-1.3328289823620787,-0.4126584284205704,0.009106093231682539,0.03125780835837168,1
MCD,McDonald's,reports,Consumer Discretionary,Restaurants,"Chicago, Illinois",1970-06-30,63908,1940,-0.2729314634933363,-1.5921068441379072,-0.37573062347967584,0.009106093231682539,0.03125780835837168,1
MCK,McKesson,reports,Health Care,Health Care Distributors,"Irving, Texas",,927653,1833,-0.2729314634933363,-0.6491561812946688,-0.4733100313885127,0.009106093231682539,0.03125780835837168,1
MDT,Medtronic,reports,Health Care,Health Care Equipment,"Dublin, Ireland",1986-10-31,1613103,1949,-0.2729314634933363,-0.3791651068215305,-0.4715808516097875,0.009106093231682539,0.03125780835837168,1
MRK,Merck & Co.,reports,Health Care,Pharmaceuticals,"Kenilworth, New Jersey",1957-03-04,310158,1891,-0.2729314634933363,-0.8806595502387755,-0.3259106353015826,0.009106093231682539,0.03125780835837168,1
MET,MetLife,reports,Financials,Life & Health Insurance,"New York City, New York",,1099219,1868,-0.2729314634933363,1.6904333142863028,0.46752886272272426,-2.3285217698203513,0.03125780835837168,7
MTD,Mettler Toledo,reports,Health Care,Life Sciences Tools & Services,"Columbus, Ohio",2016-09-06,1037646,1945,-0.2729314634933363,0.3836850099093721,0.007756672699786574,1.6820635653852163,0.03125780835837168,0
MGM,MGM Resorts,reports,Consumer Discretionary,Casinos & Gaming,"Paradise, Nevada",2017-07-26,789570,1986,-0.2729314634933363,2.297445906483542,0.007756672699786574,0.009106093231682539,0.03125780835837168,3
MCHP,Microchip Technology,reports,Information Technology,Semiconductors,"Chandler, Arizona",2007-09-07,827054,1989,-0.2729314634933363,0.15435730924472119,0.007756672699786574,0.009106093231682539,0.03125780835837168,3
MU,Micron Technology,reports,Information Technology,Semiconductors,"Boise, Idaho",1994-09-27,723125,1978,-0.2729314634933363,2.5270818009906164,0.007756672699786574,-3.337152321392788,0.03125780835837168,7
MSFT,Microsoft,reports,Information Technology,Systems Software,"Redmond, Washington",1994-06-01,789019,1975,-0.2729314634933363,-0.16258439127638236,-0.40192688948596256,0.009106093231682539,0.03125780835837168,1
MAA,Mid-America Apartment Communities,reports,Real Estate,Residential REITs,"Memphis, Tennessee",2016-12-02,912595,1977,-0.2729314634933363,-0.7373330881869886,-0.5900087230087951,0.009106093231682539,0.03125780835837168,1
MHK,Mohawk Industries,reports,Consumer Discretionary,Home Furnishings,"Calhoun, Georgia",2013-12-23,851968,1878,-0.2729314634933363,1.2778472534573722,-0.7131271090106627,0.009106093231682539,0.03125780835837168,3
MOH,Molina Healthcare,reports,Health Care,Managed Health Care,"Long Beach, California",2022-03-02,1179929,1980,-0.2729314634933363,0.5314483376876433,-0.8757789234262237,0.009106093231682539,0.03125780835837168,3
TAP,Molson Coors Beverage Company,reports,Consumer Staples,Brewers,"Chicago, Illinois",1976-06-30,24545,"2005 (Molson 1786, Coors 1873)",-0.2729314634933363,-0.8212221981287694,0.007756672699786574,0.009106093231682539,0.03125780835837168,1
MDLZ,Mondelez International,reports,Consumer Staples,Packaged Foods & Meats,"Chicago, Illinois",2012-10-02,1103982,2012,-0.2729314634933363,-1.129218966525074,0.007756672699786574,0.009106093231682539,0.03125780835837168,1
MPWR,Monolithic Power Systems,reports,Information Technology,Semiconductors,"Kirkland, Washington",2021-02-12,1280452,1997,-0.2729314634933363,0.9011845344947393,0.007756672699786574,0.009106093231682539,-3.3357093522208126,6
MNST,Monster Beverage,reports,Consumer Staples,Soft Drinks,"Corona, California",2012-06-28,865752,2012 (1935),-0.2729314634933363,-0.7062526772526191,0.007756672699786574,0.009106093231682539,0.03125780835837168,1
MCO,Moody's Corporation,reports,Financials,Financial Exchanges & Data,"New York City, New York",,1059556,1909,-0.2729314634933363,0.9395634624828549,0.007756672699786574,0.009106093231682539,0.03125780835837168,3
MS,Morgan Stanley,reports,Financials,Investment Banking & Brokerage,"New York City, New York",,895421,1935,-0.2729314634933363,2.3474425589734347,0.007756672699786574,-2.6040307592037033,0.03125780835837168,7
MOS,The Mosaic Company,reports,Materials,Fertilizers & Agricultural Chemicals,"Tampa, Florida",2011-09-26,1285785,2004 (1865 / 1909),-0.2729314634933363,0.2669861993593456,1.2410573771436253,0.009106093231682539,0.03125780835837168,3
MSI,Motorola Solutions,reports,Information Technology,Communications Equipment,"Chicago, Illinois",,68505,1928 (2011),-0.2729314634933363,-0.6278613862994527,0.007756672699786574,0.009106093231682539,0.03125780835837168,1
MSCI,MSCI,reports,Financials,Financial Exchanges & Data,"New York City, New York",2018-04-04,1408198,1969,-0.2729314634933363,0.4139224728457149,-0.41566706425575517,0.009106093231682539,0.03125780835837168,3
NDAQ,"Nasdaq, Inc.",reports,Financials,Financial Exchanges & Data,"New York City, New York",2008-10-22,1120193,1971,-0.2729314634933363,0.4696223262651293,-0.560406619505359,0.009106093231682539,0.03125780835837168,3
NTAP,NetApp,reports,Information Technology,"Technology Hardware, Storage & Peripherals","San Jose, California",1999-06-25,1002047,1992,-0.2729314634933363,0.3550802382954669,0.007756672699786574,0.009106093231682539,3.393788781616498,5
NFLX,Netflix,reports,Communication Services,Movies & Entertainment,"Los Gatos, California",2010-12-20,1065280,1997,7.3753875244252205,0.14177373239261556,0.007756672699786574,0.009106093231682539,0.03125780835837168,2
NWL,Newell Brands,reports,Consumer Discretionary,Housewares & Specialties,"Atlanta, Georgia",1989-04-30,814453,1903,-0.2729314634933363,0.3659713898152364,0.007756672699786574,0.009106093231682539,0.03125780835837168,3
NEM,Newmont,reports,Materials,Gold,"Denver, Colorado",1969-06-30,1164727,1921,-0.2729314634933363,-2.3453118446146886,2.076433099716435,8.249266201491997,0.03125780835837168,0
NEE,NextEra Energy,reports,Utilities,Multi-Utilities,"Juno Beach, Florida",1976-06-30,753308,1984 (1925),-0.2729314634933363,-1.5322980432713396,-0.5090860181723607,0.009106093231682539,0.03125780835837168,1
NKE,"Nike, Inc.",reports,Consumer Discretionary,"Apparel, Accessories & Luxury Goods","Washington County, Oregon",1988-11-30,320187,1964,-0.2729314634933363,-0.3398313023222334,-0.6603538841601826,0.009106093231682539,0.03125780835837168,1
NI,NiSource,reports,Utilities,Multi-Utilities,"Merrillville, Indiana",,1111711,1912,2.2928374324872802,-1.0737719727750625,0.007756672699786574,0.009106093231682539,2.1715018771077585,2
NDSN,Nordson Corporation,reports,Industrials,Industrial Machinery,"Westlake, Ohio",2022-02-15,72331,1935,-0.2729314634933363,1.026683400039202,0.5963847380790304,0.009106093231682539,0.03125780835837168,3
NSC,Norfolk Southern Railway,reports,Industrials,Railroads,"Norfolk, Virginia",1957-03-04,702165,1881/1894 (1980),-0.2729314634933363,0.0769642891981818,0.5750662731005833,0.009106093231682539,0.03125780835837168,3
NTRS,Northern Trust,reports,Financials,Asset Management & Custody Banks,"Chicago, Illinois",,73124,1889,-0.2729314634933363,0.4586736977407336,0.007756672699786574,-2.8606697921115805,0.03125780835837168,7
NOC,Northrop Grumman,reports,Industrials,Aerospace & Defense,"West Falls Church, Virginia",1985-06-30,1133421,"1994 (Northrop 1939, Grumman 1930)",2.2888551694922006,-0.35870754614767464,-0.5874598495976054,0.009106093231682539,0.03125780835837168,2
NRG,NRG Energy,reports,Utilities,Independent Power Producers & Energy Traders,"Houston, Texas",2010-01-29,1013871,1992,-0.2729314634933363,-0.4290640619992758,1.755654933505684,0.009106093231682539,5.470447732621505,5
NUE,Nucor,reports,Materials,Steel,"Charlotte, North Carolina",1985-04-30,73309,1940,-0.2729314634933363,0.4922486775654746,0.8612332977275033,0.009106093231682539,0.03125780835837168,3
NVDA,Nvidia,reports,Information Technology,Semiconductors,"Santa Clara, California",2001-11-30,1045810,1993,-0.2729314634933363,1.3005758974754655,-0.7658666343888876,0.009106093231682539,0.03125780835837168,3
NVR,"NVR, Inc.",reports,Consumer Discretionary,Homebuilding,"Reston, Virginia",2019-09-26,906163,1980,-0.2729314634933363,-0.9920734048910267,-0.5138496347119691,0.009106093231682539,0.03125780835837168,1
ORLY,O'Reilly Auto Parts,reports,Consumer Discretionary,Specialty Stores,"Springfield, Missouri",2009-03-27,898173,1957,3.408379233804437,-1.005160103979437,-0.9121363001370398,2.246266080636695,0.03125780835837168,2
OXY,Occidental Petroleum,reports,Energy,Oil & Gas Exploration & Production,"Houston, Texas",1982-12-31,797468,1920,-0.2729314634933363,-0.08860185301013015,3.0257129857587906,0.009106093231682539,0.03125780835837168,4
ODFL,Old Dominion,reports,Industrials,Trucking,"Thomasville, North Carolina",2019-12-09,878927,1934,2.960556459364702,0.457060848321949,0.007756672699786574,0.009106093231682539,0.03125780835837168,2
OMC,Omnicom Group,reports,Communication Services,Advertising,"New York City, New York",,29989,1986,-0.2729314634933363,-0.06133615744282524,0.007756672699786574,0.009106093231682539,0.03125780835837168,1
OKE,Oneok,reports,Energy,Oil & Gas Storage & Transportation,"Tulsa, Oklahoma",2010-03-15,1039684,1906,-0.2729314634933363,-0.6409499645536715,3.9518544324520315,0.009106093231682539,0.03125780835837168,4
ORCL,Oracle Corporation,reports,Information Technology,Application Software,"Austin, Texas",1989-08-31,1341439,1977,-0.2729314634933363,0.1764514940713975,0.007756672699786574,0.009106093231682539,0.03125780835837168,3
PCAR,Paccar,reports,Industrials,Construction Machinery & Heavy Trucks,"Bellevue, Washington",1980-12-31,75362,1905,-0.2729314634933363,0.9628920218988569,0.007756672699786574,0.009106093231682539,0.03125780835837168,3
PKG,Packaging Corporation of America,reports,Materials,Paper Packaging,"Lake Forest, Illinois",2017-07-26,75677,1959,-0.2729314634933363,0.2426723121645547,0.007756672699786574,0.009106093231682539,0.03125780835837168,3
PH,Parker Hannifin,reports,Industrials,Industrial Machinery,"Cleveland, Ohio",1985-11-30,76334,1917,-0.2729314634933363,0.9041408934496507,0.6467002924842273,0.009106093231682539,0.03125780835837168,3
PAYX,Paychex,reports,Information Technology,Data Processing & Outsourced Services,"Penfield, New York",,723531,1971,-0.2729314634933363,-0.518157155591572,-0.631808589023312,0.009106093231682539,-1.6431353511385587,1
PNR,Pentair,reports,Industrials,Industrial Machinery,"Worsley, United Kingdom",2012-10-01,77360,1966,-0.2729314634933363,0.47813331325153574,1.030339616040141,0.009106093231682539,0.03125780835837168,3
PEP,PepsiCo,reports,Consumer Staples,Soft Drinks,"Purchase, New York",1957-03-04,77476,1898,-0.2729314634933363,-1.7481610255516564,-0.3218593657368174,0.009106093231682539,0.03125780835837168,1
PKI,PerkinElmer,reports,Health Care,Health Care Equipment,"Waltham, Massachusetts",1985-05-31,31791,1937,-0.2729314634933363,0.20322732823178036,0.007756672699786574,0.009106093231682539,-3.7762037213876622,6
PFE,Pfizer,reports,Health Care,Pharmaceuticals,"New York City, New York",1957-03-04,78003,1849,-0.2729314634933363,-0.847474751706133,-0.3651110342066267,0.009106093231682539,0.03125780835837168,1
PCG,PG&E,reports,Utilities,Multi-Utilities,"San Francisco, California",2022-10-03,1004980,1905,-0.2729314634933363,-1.8022199960317473,-0.43224691741530863,0.009106093231682539,0.03125780835837168,1
PM,Philip Morris International,reports,Consumer Staples,Tobacco,"New York City, New York",2008-03-31,1413329,2008 (1847),-0.2729314634933363,-1.282133135975514,0.007756672699786574,1.6492115873744329,0.03125780835837168,0
PNW,Pinnacle West,reports,Utilities,Multi-Utilities,"Phoenix, Arizona",,764622,1985,-0.2729314634933363,-1.424713312911953,-0.5368579697668745,0.009106093231682539,0.03125780835837168,1
PXD,Pioneer Natural Resources,reports,Energy,Oil & Gas Exploration & Production,"Irving, Texas",2008-09-24,1038357,1997,-0.2729314634933363,0.5988185655920615,4.793041617134546,0.009106093231682539,0.03125780835837168,4
PNC,PNC Financial Services,reports,Financials,Regional Banks,"Pittsburgh, Pennsylvania",1988-04-30,713676,1845,-0.2729314634933363,0.638855650009198,0.007756672699786574,-2.0848838128812757,0.03125780835837168,7
POOL,Pool Corporation,reports,Consumer Discretionary,Distributors,"Covington, Louisiana",2020-10-07,945841,1993,2.358461965464985,0.27236356186912125,-0.453680525118597,0.009106093231682539,0.03125780835837168,2
PPG,PPG Industries,reports,Materials,Specialty Chemicals,"Pittsburgh, Pennsylvania",1957-03-04,79879,1883,-0.2729314634933363,0.37142610787653013,0.007756672699786574,0.009106093231682539,0.03125780835837168,3
PPL,PPL Corporation,reports,Utilities,Electric Utilities,"Allentown, Pennsylvania",,922224,1920,-0.2729314634933363,-1.7779314847566112,0.007756672699786574,0.009106093231682539,0.03125780835837168,1
PFG,Principal Financial Group,reports,Financials,Life & Health Insurance,"Des Moines, Iowa",2002-07-22,1126328,1879,-0.2729314634933363,1.9324137948393685,0.007756672699786574,0.009106093231682539,0.03125780835837168,3
PG,Procter & Gamble,reports,Consumer Staples,Personal Products,"Cincinnati, Ohio",1957-03-04,80424,1837,-0.2729314634933363,-1.7617106014979957,-0.32135866298223725,0.009106093231682539,0.03125780835837168,1
PGR,Progressive Corporation,reports,Financials,Property & Casualty Insurance,"Mayfield Village, Ohio",1997-08-04,80661,1937,-0.2729314634933363,-0.4445761512443369,-0.5090884419906416,0.009106093231682539,0.03125780835837168,1
PLD,Prologis,reports,Real Estate,Industrial REITs,"San Francisco, California",2003-07-17,1045609,1983,-0.2729314634933363,0.8809777720345353,0.007756672699786574,0.009106093231682539,0.03125780835837168,3
PRU,Prudential Financial,reports,Financials,Life & Health Insurance,"Newark, New Jersey",2002-07-22,1137774,1875,-0.2729314634933363,1.787684059711791,0.007756672699786574,-1.573474783329729,0.03125780835837168,7
PEG,Public Service Enterprise Group,reports,Utilities,Electric Utilities,"Newark, New Jersey",1957-03-04,788784,1903,-0.2729314634933363,-1.4040824977902568,0.007756672699786574,0.009106093231682539,0.03125780835837168,1
PSA,Public Storage,reports,Real Estate,Specialized REITs,"Glendale, California",2005-08-19,1393311,1972,-0.2729314634933363,-0.4769074649415722,-0.7284846295069938,1.1682077034452543,0.03125780835837168,1
PHM,PulteGroup,reports,Consumer Discretionary,Homebuilding,"Atlanta, Georgia",1984-04-30,822416,1956,-0.2729314634933363,2.076912554126979,0.007756672699786574,0.009106093231682539,0.03125780835837168,3
PWR,Quanta Services,reports,Industrials,Construction & Engineering,"Houston, Texas",2009-07-01,1050915,1997,-0.2729314634933363,0.3151610348713597,0.9086193974250657,0.009106093231682539,0.03125780835837168,3
QCOM,Qualcomm,reports,Information Technology,Semiconductors,"San Diego, California",,804328,1985,-0.2729314634933363,-0.10218129194787255,0.007756672699786574,0.009106093231682539,0.03125780835837168,1
DGX,Quest Diagnostics,reports,Health Care,Health Care Services,"Secaucus, New Jersey",2002-12-12,1022079,1967,-0.2729314634933363,-1.003680119575748,0.007756672699786574,-1.5437489782921188,0.03125780835837168,1
RL,Ralph Lauren Corporation,reports,Consumer Discretionary,"Apparel, Accessories & Luxury Goods","New York City, New York",2007-02-02,1037038,1967,-0.2729314634933363,0.05576780041220807,0.5440564096429893,0.009106093231682539,-3.215637746996864,6
RJF,Raymond James,reports,Financials,Investment Banking & Brokerage,"St. Petersburg, Florida",2017-03-20,720005,1962,-0.2729314634933363,1.281895361555788,0.007756672699786574,0.009106093231682539,0.03125780835837168,3
O,Realty Income,reports,Real Estate,Retail REITs,"San Diego, California",2015-04-07,726728,1969,-0.2729314634933363,-0.9679180291953247,-0.7892044040083549,1.677765667352525,2.1719067989500216,5
REG,Regency Centers,reports,Real Estate,Retail REITs,"Jacksonville, Florida",2017-03-02,910606,1963,-0.2729314634933363,0.01699465184575536,-0.5619612724526795,0.009106093231682539,0.03125780835837168,1
REGN,Regeneron,reports,Health Care,Biotechnology,"Tarrytown, New York",2013-05-01,872589,1988,5.614872160554527,0.8704535061979621,-1.0098869404261288,0.009106093231682539,0.03125780835837168,2
RF,Regions Financial Corporation,reports,Financials,Regional Banks,"Birmingham, Alabama",1998-08-28,1281761,1971,-0.2729314634933363,2.128175786183874,0.007756672699786574,-2.333808270399383,0.03125780835837168,7
RSG,Republic Services,reports,Industrials,Environmental & Facilities Services,"Phoenix, Arizona",2008-12-05,1060391,1998 (1981),-0.2729314634933363,-0.9108655760495487,-0.3659136165116147,0.009106093231682539,0.03125780835837168,1
RMD,ResMed,reports,Health Care,Health Care Equipment,"San Diego, California",2017-07-26,943819,1989,-0.2729314634933363,-0.5196937610160431,0.007756672699786574,0.009106093231682539,0.03125780835837168,1
RHI,Robert Half,reports,Industrials,Human Resource & Employment Services,"Menlo Park, California",2000-12-05,315213,1948,-0.2729314634933363,1.0137393518519735,-0.4412087916023274,0.009106093231682539,0.03125780835837168,3
ROK,Rockwell Automation,reports,Industrials,Electrical Components & Equipment,"Milwaukee, Wisconsin",,1024478,1903,-0.2729314634933363,1.130245835815551,0.4425096283812865,0.009106093231682539,0.03125780835837168,3
ROL,"Rollins, Inc.",reports,Industrials,Environmental & Facilities Services,"Atlanta, Georgia",2018-10-01,84839,1948,-0.2729314634933363,0.047839289974973796,-0.5589144977855081,1.2768170917593922,0.03125780835837168,0
ROP,Roper Technologies,reports,Information Technology,Electronic Equipment & Instruments,"Sarasota, Florida",2009-12-23,882835,1981,-0.2729314634933363,0.10205336010601983,0.007756672699786574,0.009106093231682539,-1.9806456420121437,6
ROST,Ross Stores,reports,Consumer Discretionary,Apparel Retail,"Dublin, California",2009-12-21,745732,1982,3.3071451019755695,-0.7549754752279234,-1.0258351917331463,0.009106093231682539,0.03125780835837168,2
RCL,Royal Caribbean Group,reports,Consumer Discretionary,"Hotels, Resorts & Cruise Lines","Miami, Florida",2014-12-05,884887,1997,-0.2729314634933363,2.5540968912157433,-1.2129581879978708,0.009106093231682539,0.03125780835837168,3
CRM,Salesforce,reports,Information Technology,Application Software,"San Francisco, California",2008-09-15,1108524,1999,-0.2729314634933363,1.0416338020789249,0.007756672699786574,0.009106093231682539,0.03125780835837168,3
SBAC,SBA Communications,reports,Real Estate,Specialized REITs,"Boca Raton, Florida",2017-09-01,1034054,1989,-0.2729314634933363,-0.8338761612477514,0.43070533340766265,1.3627045696139575,0.03125780835837168,0
SLB,Schlumberger,reports,Energy,Oil & Gas Equipment & Services,"Cura√ßao, Kingdom of the Netherlands",1965-03-31,87347,1926,-0.2729314634933363,0.23079407653118944,2.9078032339467645,0.009106093231682539,0.03125780835837168,4
STX,Seagate Technology,reports,Information Technology,"Technology Hardware, Storage & Peripherals","Dublin, Ireland",2012-07-02,1137789,1979,-0.2729314634933363,1.046064932030093,0.791898948451584,0.009106093231682539,0.03125780835837168,3
SEE,Sealed Air,reports,Materials,Paper Packaging,"Charlotte, North Carolina",1957-03-04,1012100,1960,-0.2729314634933363,0.5845433285256608,-0.7146797308406885,0.009106093231682539,0.03125780835837168,3
SRE,Sempra Energy,reports,Utilities,Multi-Utilities,"San Diego, California",,1032208,1998,-0.2729314634933363,-1.28183727316705,0.007756672699786574,0.009106093231682539,0.03125780835837168,1
SHW,Sherwin-Williams,reports,Materials,Specialty Chemicals,"Cleveland, Ohio",1964-06-30,89800,1866,-0.2729314634933363,-0.6816987535109763,-0.545708137290271,0.009106093231682539,0.03125780835837168,1
SBNY,Signature Bank,reports,Financials,Regional Banks,"New York City, New York",2021-12-20,1288784,2001,-0.2729314634933363,0.30572618497867105,0.007756672699786574,-2.383176235411189,0.03125780835837168,7
SPG,Simon Property Group,reports,Real Estate,Retail REITs,"Indianapolis, Indiana",2002-06-26,1063761,2003,-0.2729314634933363,-0.18889615511183164,-0.6528115511066326,0.009106093231682539,0.03125780835837168,1
SWKS,Skyworks Solutions,reports,Information Technology,Semiconductors,"Irvine, California",2015-03-12,4127,2002,-0.2729314634933363,2.031304923456806,0.007756672699786574,0.009106093231682539,0.03125780835837168,3
SJM,The J.M. Smucker Company,reports,Consumer Staples,Packaged Foods & Meats,"Orrville, Ohio",2008-11-06,91419,1897,-0.2729314634933363,-1.575392865031396,0.007756672699786574,0.009106093231682539,0.03125780835837168,1
SNA,Snap-on,reports,Industrials,Industrial Machinery,"Kenosha, Wisconsin",1982-09-30,91440,1920,-0.2729314634933363,0.4499642674215934,0.007756672699786574,1.064888993358476,-1.915774511925079,6
SO,Southern Company,reports,Utilities,Electric Utilities,"Atlanta, Georgia",1957-03-04,92122,1945,-0.2729314634933363,-2.2190381878016514,-0.5798147725727638,0.009106093231682539,0.03125780835837168,1
LUV,Southwest Airlines,reports,Industrials,Airlines,"Dallas, Texas",1994-07-01,92380,1967,-0.2729314634933363,0.5604468470110864,-2.2634188398852944,0.009106093231682539,0.03125780835837168,3
SWK,Stanley Black & Decker,reports,Industrials,Industrial Machinery,"New Britain, Connecticut",1982-09-30,93556,1843,-0.2729314634933363,0.6795696726598723,0.007756672699786574,0.009106093231682539,0.03125780835837168,3
SBUX,Starbucks,reports,Consumer Discretionary,Restaurants,"Seattle, Washington",2000-06-07,829224,1971,-0.2729314634933363,0.030680581759917204,-0.6498449039189645,0.009106093231682539,0.03125780835837168,1
STT,State Street Corporation,reports,Financials,Asset Management & Custody Banks,"Boston, Massachusetts",,93751,1792,-0.2729314634933363,1.058013485954992,0.007756672699786574,-2.3108895437151693,0.03125780835837168,7
STE,Steris,reports,Health Care,Health Care Equipment,"Dublin, Ireland",2019-12-23,1757898,1985,-0.2729314634933363,-0.14509473270531745,0.007756672699786574,0.009106093231682539,0.03125780835837168,1
SYK,Stryker Corporation,reports,Health Care,Health Care Equipment,"Kalamazoo, Michigan",2000-12-12,310764,1941,-0.2729314634933363,-0.3520822762393104,-0.40436492438972277,0.009106093231682539,0.03125780835837168,1
SIVB,SVB Financial,reports,Financials,Regional Banks,"Santa Clara, California",2018-03-19,719739,1983,-0.2729314634933363,1.4684014957006055,0.7967378483405174,-2.9346101481028866,0.03125780835837168,7
SNPS,Synopsys,reports,Information Technology,Application Software,"Mountain View, California",2017-03-16,883241,1986,-0.2729314634933363,-0.6448824140499595,-0.29099647158399616,0.009106093231682539,0.03125780835837168,1
SYY,Sysco,reports,Consumer Staples,Food Distributors,"Houston, Texas",1986-12-31,96021,1969,-0.2729314634933363,-1.5115788157937047,-0.3601582396990507,0.009106093231682539,0.03125780835837168,1
TMUS,T-Mobile US,reports,Communication Services,Wireless Telecommunication Services,"Bellevue, Washington",2019-07-15,1283699,1994,-0.2729314634933363,0.582934991273819,0.007756672699786574,0.009106093231682539,0.03125780835837168,3
TROW,T. Rowe Price,reports,Financials,Asset Management & Custody Banks,"Baltimore, Maryland",,1113169,1937,-0.2729314634933363,1.2654006530253419,0.007756672699786574,0.009106093231682539,0.03125780835837168,3
TTWO,Take-Two Interactive,reports,Communication Services,Interactive Home Entertainment,"New York City, New York",2018-03-19,946581,1993,-0.2729314634933363,0.467108009063414,-0.7550174768691856,0.009106093231682539,0.03125780835837168,3
TGT,Target Corporation,reports,Consumer Discretionary,General Merchandise Stores,"Minneapolis, Minnesota",1976-12-31,27419,1902,-0.2729314634933363,-1.190863329884559,-0.741974091855922,0.009106093231682539,0.03125780835837168,1
TEL,TE Connectivity,reports,Information Technology,Electronic Manufacturing Services,"Schaffhausen, Switzerland",2011-10-17,1385157,2007,-0.2729314634933363,0.42099555387351945,0.007756672699786574,0.009106093231682539,0.03125780835837168,3
TDY,Teledyne Technologies,reports,Information Technology,Electronic Equipment & Instruments,"Thousand Oaks, California",2020-06-22,1094285,1960,-0.2729314634933363,0.5432042120755184,0.007756672699786574,0.009106093231682539,0.03125780835837168,3
TFX,Teleflex,reports,Health Care,Health Care Equipment,"Wayne, Pennsylvania",2019-01-18,96943,1943,-0.2729314634933363,-0.6109188802623038,-0.3877206521644619,0.009106093231682539,0.03125780835837168,1
TER,Teradyne,reports,Information Technology,Semiconductor Equipment,"North Reading, Massachusetts",2020-09-21,97210,1960,-0.2729314634933363,1.70322534636731,0.007756672699786574,0.009106093231682539,0.03125780835837168,3
TXN,Texas Instruments,reports,Information Technology,Semiconductors,"Dallas, Texas",,97476,1930,-0.2729314634933363,0.2517853470393361,0.007756672699786574,0.009106093231682539,0.03125780835837168,3
TXT,Textron,reports,Industrials,Aerospace & Defense,"Providence, Rhode Island",1978-12-31,217346,1923,-0.2729314634933363,1.7278996976348835,0.007756672699786574,0.009106093231682539,0.03125780835837168,3
TMO,Thermo Fisher Scientific,reports,Health Care,Life Sciences Tools & Services,"Waltham, Massachusetts",2004-08-03,97745,2006 (1902),-0.2729314634933363,0.12937536673725958,0.007756672699786574,0.009106093231682539,0.03125780835837168,3
TJX,TJX Companies,reports,Consumer Discretionary,Apparel Retail,"Framingham, Massachusetts",1985-09-30,109198,1987,2.1837265703920896,-0.7049956757434098,-0.9193673050417952,0.009106093231682539,0.03125780835837168,2
TSCO,Tractor Supply,reports,Consumer Discretionary,Specialty Stores,"Brentwood, Tennessee",2014-01-24,916365,1938,-0.2729314634933363,0.10724901902672258,-0.8691000204871359,0.009106093231682539,0.03125780835837168,3
TDG,TransDigm Group,reports,Industrials,Aerospace & Defense,"Cleveland, Ohio",2016-06-03,1260221,1993,3.298130338743899,-0.20833819705197018,0.007756672699786574,1.8327871254944517,2.3623975698232944,2
TRV,The Travelers Companies,reports,Financials,Property & Casualty Insurance,"New York City, New York",2002-08-21,86312,1853,-0.2729314634933363,-0.7596456104025375,-0.4219683922349175,-1.2071785996640616,0.03125780835837168,1
TRMB,Trimble Inc.,reports,Information Technology,Electronic Equipment & Instruments,"Westminster, Colorado",2021-01-21,864749,1978,-0.2729314634933363,0.6817493690069937,0.007756672699786574,0.009106093231682539,0.03125780835837168,3
TYL,Tyler Technologies,reports,Information Technology,Application Software,"Plano, Texas",2020-06-22,860731,1966,3.1687415241354064,0.21785055063583614,0.007756672699786574,0.009106093231682539,0.03125780835837168,2
TSN,Tyson Foods,reports,Consumer Staples,Packaged Foods & Meats,"Springdale, Arkansas",2005-08-10,100493,1935,3.7850024165393634,-0.968409524765448,0.007756672699786574,0.009106093231682539,0.03125780835837168,2
USB,U.S. Bank,reports,Financials,Diversified Banks,"Minneapolis, Minnesota",,36104,1968,-0.2729314634933363,0.41700229438783654,-0.2921381301216727,-2.9593251634258464,0.03125780835837168,7
UDR,"UDR, Inc.",reports,Real Estate,Residential REITs,"Highlands Ranch, Colorado",2016-03-07,74208,1972,-0.2729314634933363,-0.21050024126094558,-0.5755779655316338,0.009106093231682539,2.368205104175561,5
ULTA,Ulta Beauty,reports,Consumer Discretionary,Specialty Stores,"Bolingbrook, Illinois",2016-04-18,1403568,1990,5.303903716552316,0.045843690597533966,0.007756672699786574,0.009106093231682539,0.03125780835837168,2
UNP,Union Pacific Corporation,reports,Industrials,Railroads,"Omaha, Nebraska",1957-03-04,100885,1862,-0.2729314634933363,0.21187922978354656,0.007756672699786574,0.009106093231682539,0.03125780835837168,3
UAL,United Airlines Holdings,reports,Industrials,Airlines,"Chicago, Illinois",2015-09-03,100517,1967,-0.2729314634933363,1.6336970340651331,-3.404862563434932,0.009106093231682539,0.03125780835837168,3
UPS,United Parcel Service,reports,Industrials,Air Freight & Logistics,"Sandy Springs, Georgia",2002-07-22,1090727,1907,-0.2729314634933363,-0.6841106344638814,-0.36319672561766314,0.009106093231682539,-1.423205671733618,1
URI,United Rentals,reports,Industrials,Trading Companies & Distributors,"Stamford, Connecticut",2014-09-20,1067701,1997,-0.2729314634933363,2.953348950776747,1.7221331237668593,0.009106093231682539,0.03125780835837168,3
UNH,UnitedHealth Group,reports,Health Care,Managed Health Care,"Minnetonka, Minnesota",1994-07-01,731766,1977,2.4003714233302165,-0.41835081873304725,-0.5071466534245475,-1.6234392236606734,0.03125780835837168,2
UHS,Universal Health Services,reports,Health Care,Health Care Facilities,"King of Prussia, Pennsylvania",2014-09-20,352915,1979,-0.2729314634933363,-0.13818720586865196,0.007756672699786574,0.009106093231682539,0.03125780835837168,1
VLO,Valero Energy,reports,Energy,Oil & Gas Refining & Marketing,"San Antonio, Texas",,1035002,1980,-0.2729314634933363,1.2640732580849565,0.007756672699786574,0.009106093231682539,0.03125780835837168,3
VTR,Ventas,reports,Real Estate,Health Care REITs,"Chicago, Illinois",2009-03-04,740260,1998,-0.2729314634933363,-0.5888728292999394,-0.41760606402831135,0.009106093231682539,3.1920983951407895,5
VRSN,Verisign,reports,Information Technology,Internet Services & Infrastructure,"Dulles, Virginia",2006-02-01,1014473,1995,-0.2729314634933363,-0.45921731093927914,0.007756672699786574,-1.6721854235904052,0.03125780835837168,1
VRSK,Verisk,reports,Industrials,Research & Consulting Services,"Jersey City, New Jersey",2015-10-08,1442145,1971,-0.2729314634933363,-1.363218002318168,-0.6781374324163971,0.009106093231682539,0.03125780835837168,1
VZ,Verizon,reports,Communication Services,Integrated Telecommunication Services,"New York City, New York",1983-11-30,732712,1983 (1877),-0.2729314634933363,-1.5441833278650903,0.007756672699786574,0.009106093231682539,0.03125780835837168,1
VRTX,Vertex Pharmaceuticals,reports,Health Care,Biotechnology,"Cambridge, Massachusetts",2013-09-23,875320,1989,-0.2729314634933363,0.5206320032549273,0.007756672699786574,0.009106093231682539,0.03125780835837168,3
VFC,VF Corporation,reports,Consumer Discretionary,"Apparel, Accessories & Luxury Goods","Denver, Colorado",1979-06-30,103379,1899,-0.2729314634933363,-0.2935398185239323,0.007756672699786574,0.009106093231682539,0.03125780835837168,1
V,Visa Inc.,reports,Information Technology,Data Processing & Outsourced Services,"San Francisco, California",2009-12-21,1403161,1958,-0.2729314634933363,-0.11690163788322126,0.007756672699786574,0.009106093231682539,0.03125780835837168,1
VNO,Vornado Realty Trust,reports,Real Estate,Office REITs,"New York City, New York",2005,899689,1982,-0.2729314634933363,0.10686079404436213,-0.2928177943956067,0.009106093231682539,0.03125780835837168,3
VMC,Vulcan Materials Company,reports,Materials,Construction Materials,"Birmingham, Alabama",1999-06-30,1396009,1909,-0.2729314634933363,0.8639416352600902,0.007756672699786574,0.009106093231682539,0.03125780835837168,3
WAB,Wabtec,reports,Industrials,Construction Machinery & Heavy Trucks,"Pittsburgh, Pennsylvania",2019-02-27,943452,1999 (1869),-0.2729314634933363,0.5921982864350728,0.3810303332931983,0.009106093231682539,0.03125780835837168,3
WBA,Walgreens Boots Alliance,reports,Consumer Staples,Drug Retail,"Deerfield, Illinois",1979-12-31,1618921,2014,-0.2729314634933363,-0.6545894748082136,-0.7677062295446084,0.009106093231682539,0.03125780835837168,1
WMT,Walmart,reports,Consumer Staples,Hypermarkets & Super Centers,"Bentonville, Arkansas",1982-08-31,104169,1962,-0.2729314634933363,-1.7467934336154405,-0.940590150591262,0.009106093231682539,0.03125780835837168,1
WM,Waste Management,reports,Industrials,Environmental & Facilities Services,"Houston, Texas",,823768,1968,-0.2729314634933363,-1.022450721942233,-0.3442088434887715,0.009106093231682539,0.03125780835837168,1
WAT,Waters Corporation,reports,Health Care,Health Care Distributors,"Milford, Massachusetts",,1000697,1958,-0.2729314634933363,0.24336875682962475,0.007756672699786574,0.009106093231682539,0.03125780835837168,3
WEC,WEC Energy Group,reports,Utilities,Electric Utilities,"Milwaukee, Wisconsin",2008-10-31,783325,1896,-0.2729314634933363,-1.6324856942465107,-0.43761380251138,0.009106093231682539,0.03125780835837168,1
WFC,Wells Fargo,reports,Financials,Diversified Banks,"San Francisco, California",1976-06-30,72971,1852,-0.2729314634933363,0.9409953350426709,-0.2883782669970196,-2.6334128039271816,0.03125780835837168,7
WST,West Pharmaceutical Services,reports,Health Care,Health Care Supplies,"Exton, Pennsylvania",2020-05-22,105770,1923,-0.2729314634933363,-0.19003921147874805,-0.8953235282023022,0.009106093231682539,0.03125780835837168,1
WDC,Western Digital,reports,Information Technology,"Technology Hardware, Storage & Peripherals","San Jose, California",2009-07-01,106040,1970,-0.2729314634933363,1.0708200694447316,0.007756672699786574,0.009106093231682539,0.03125780835837168,3
WY,Weyerhaeuser,reports,Real Estate,Specialized REITs,"Seattle, Washington",,106535,1900,-0.2729314634933363,0.5430577800951967,0.007756672699786574,1.7827856991057487,0.03125780835837168,0
WHR,Whirlpool Corporation,reports,Consumer Discretionary,Household Appliances,"Benton Harbor, Michigan",,106640,1911,-0.2729314634933363,1.1541741694232823,0.007756672699786574,0.009106093231682539,0.03125780835837168,3
WMB,Williams Companies,reports,Energy,Oil & Gas Storage & Transportation,"Tulsa, Oklahoma",1975-03-31,107263,1908,-0.2729314634933363,0.8083502962995454,3.1543006476248716,0.009106093231682539,0.03125780835837168,4
WTW,Willis Towers Watson,reports,Financials,Insurance Brokers,"London, United Kingdom",2016-01-05,1140536,2016,-0.2729314634933363,0.1610440055904284,0.007756672699786574,0.009106093231682539,0.03125780835837168,3
GWW,W. W. Grainger,reports,Industrials,Industrial Machinery,"Lake Forest, Illinois",1981-06-30,277135,1927,-0.2729314634933363,-0.41284273421146095,0.4139640372875293,0.009106093231682539,0.03125780835837168,1
WYNN,Wynn Resorts,reports,Consumer Discretionary,Casinos & Gaming,"Paradise, Nevada",2008-11-14,1174922,2002,-0.2729314634933363,1.4172861149538702,0.007756672699786574,3.7663668369196888,0.03125780835837168,0
XEL,Xcel Energy,reports,Utilities,Multi-Utilities,"Minneapolis, Minnesota",1957-03-04,72903,1909,-0.2729314634933363,-1.6805593479493561,-0.520947443449618,0.009106093231682539,0.03125780835837168,1
YUM,Yum! Brands,reports,Consumer Discretionary,Restaurants,"Louisville, Kentucky",1997-10-06,1041061,1997,-0.2729314634933363,-0.3725940783363759,0.007756672699786574,0.009106093231682539,0.03125780835837168,1
ZBRA,Zebra Technologies,reports,Information Technology,Electronic Equipment & Instruments,"Lincolnshire, Illinois",2019-12-23,877212,1969,-0.2729314634933363,0.24616376977263577,0.6231761365955742,0.009106093231682539,0.03125780835837168,3
ZBH,Zimmer Biomet,reports,Health Care,Health Care Equipment,"Warsaw, Indiana",2001-08-07,1136869,1927,-0.2729314634933363,-0.45306165663121717,0.007756672699786574,0.009106093231682539,0.03125780835837168,1
ZION,Zions Bancorporation,reports,Financials,Regional Banks,"Salt Lake City, Utah",2001-06-22,109380,1873,-0.2729314634933363,1.437603177726076,0.9197006106083647,-3.3147839467464797,0.03125780835837168,7
